ticker,minority_pct,primary_school,high_school,hs_diploma,some_college,bsba,income_l15,income_15_25,income_25_50,income_50_75,income_p75,pm25,ozone,nata_dieselpm,nata_cancerrisk,nata_resphi,traffic_prox,lead_paint,rmp_prox,superfund_prox,hazardwaste_prox,waterdischarge_prox
MMM,59%,"12,349 (12.94%)","7,306 (7.66%)","25,292 (26.51%)","27,490 (28.81%)","22,968 (24.07%)","8,381 (15.44%)","6,445 (11.87%)","14,147 (26.06%)","10,311 (18.99%)","15,003 (27.64%)",73.0,73.1,77.7,74.5,74.2,81.7,89.5,87.0,82.6,77.4,92.9
ABMD,9%,"1,226 (2.51%)","1,776 (3.64%)","11,731 (24.02%)","12,430 (25.45%)","21,670 (44.37%)","2,668 (9.52%)","2,033 (7.26%)","5,193 (18.54%)","3,918 (13.99%)","14,202 (50.7%)",14.3,8.8,9.1,9.7,11.1,1.4,1.2,16.1,1.0,6.4,24.2
ADBE,70%,"20,456 (12.43%)","13,890 (8.44%)","29,648 (18.02%)","37,018 (22.5%)","63,546 (38.62%)","8,168 (9.77%)","6,119 (7.32%)","13,527 (16.17%)","12,159 (14.54%)","43,670 (52.21%)",63.1,62.7,65.0,63.4,64.4,89.0,67.4,73.8,77.1,82.4,79.1
AMD,71%,"5,570 (4.38%)","6,362 (5.01%)","16,568 (13.04%)","23,551 (18.53%)","75,035 (59.04%)","3,258 (5.09%)","2,590 (4.05%)","7,217 (11.27%)","6,436 (10.05%)","44,526 (69.54%)",86.6,84.4,84.2,85.6,87.7,88.8,81.4,93.2,99.5,98.6,81.9
AFL,68%,"3,349 (8%)","7,104 (16%)","14,165 (32%)","12,464 (28%)","6,748 (15%)","7,876 (27%)","5,289 (18%)","8,412 (29%)","3,885 (13%)","3,664 (13%)",88.0,84.0,84.2,91.4,92.9,85.3,93.1,93.7,67.2,82.8,91.4
A,64%,"5,092 (2.83%)","5,258 (2.92%)","19,822 (11%)","34,886 (19.36%)","115,130 (63.9%)","4,856 (5.32%)","3,423 (3.75%)","9,550 (10.45%)","9,657 (10.57%)","63,864 (69.91%)",79.7,77.9,73.8,77.7,80.2,97.2,84.3,68.7,95.6,92.2,73.4
APD,16%,708 (2.14%),"1,432 (4.34%)","7,715 (23.37%)","7,785 (23.58%)","15,373 (46.57%)",560 (3.11%),973 (5.4%),"3,376 (18.74%)","2,799 (15.54%)","10,308 (57.22%)",46.5,48.6,37.8,44.7,46.4,20.4,34.3,6.8,32.0,15.3,8.2
ALB,46%,"2,289 (4%)","4,959 (10%)","9,023 (17%)","11,667 (22%)","24,196 (46%)","5,656 (16%)","4,135 (12%)","7,999 (23%)","5,412 (16%)","11,725 (34%)",43.5,44.3,28.3,37.0,35.8,36.6,15.4,35.4,39.5,10.0,24.1
ALL,34%,"2,678 (4.19%)","2,415 (3.78%)","11,074 (17.32%)","13,774 (21.55%)","33,990 (53.17%)","2,204 (6.59%)","2,407 (7.19%)","5,748 (17.18%)","4,862 (14.53%)","18,242 (54.51%)",81.0,81.8,86.3,81.3,80.7,96.3,76.6,71.7,73.6,85.2,95.9
AMZN,,"4,173 (2.18%)","3,749 (1.96%)","13,648 (7.13%)","36,711 (19.17%)","133,203 (69.56%)","13,810 (10.57%)","6,915 (5.29%)","19,468 (14.89%)","18,480 (14.14%)","72,035 (55.11%)",42.3,45.5,4.6,31.1,24.8,1.4,42.2,13.0,3.4,1.3,24.9
AEE,66%,"4,055 (6%)","9,145 (14%)","16,395 (25%)","16,086 (25%)","19,714 (30%)","13,593 (29%)","6,751 (15%)","11,395 (25%)","6,194 (13%)","8,183 (18%)",88.8,90.5,96.2,90.3,90.6,96.5,79.1,98.9,98.4,95.6,92.2
AEP,39%,"2,489 (2.99%)","7,932 (9.52%)","17,287 (20.74%)","18,106 (21.72%)","37,546 (45.04%)","12,252 (21.17%)","6,778 (11.71%)","12,630 (21.82%)","9,318 (16.1%)","16,909 (29.21%)",37.9,39.6,11.2,37.1,32.1,2.1,15.1,6.5,26.5,3.7,10.9
AMGN,30%,"1,223 (3.05%)","1,137 (2.83%)","5,886 (14.66%)","12,463 (31.04%)","19,442 (48.42%)",998 (5%),745 (3.73%),"2,679 (13.41%)","2,377 (11.9%)","13,175 (65.96%)",63.0,63.1,61.9,62.5,63.3,71.6,65.9,68.0,63.2,80.7,81.6
ADI,13%,886 (1.94%),845 (1.85%),"10,026 (21.96%)","10,106 (22.14%)","23,794 (52.12%)",897 (3.84%),"1,228 (5.25%)","2,589 (11.07%)","2,719 (11.63%)","15,944 (68.2%)",24.3,18.7,13.6,17.2,19.0,1.9,4.9,5.4,0.2,0.8,28.1
ATO,44%,"4,493 (5.17%)","4,076 (4.69%)","11,269 (12.97%)","19,591 (22.55%)","47,432 (54.61%)","3,260 (5.97%)","3,770 (6.9%)","11,594 (21.22%)","10,065 (18.42%)","25,942 (47.49%)",70.9,70.9,74.9,71.1,71.2,93.9,62.8,73.4,71.9,70.1,73.4
ADSK,26%,"2,257 (4.56%)","1,047 (2.11%)","5,336 (10.77%)","11,518 (23.25%)","29,375 (59.31%)","2,086 (7.44%)","1,413 (5.04%)","3,567 (12.73%)","3,666 (13.08%)","17,292 (61.7%)",13.4,30.2,36.0,27.8,26.8,8.6,39.8,33.6,22.7,4.7,27.6
ADP,24%,"1,213 (2.36%)","1,118 (2.18%)","9,042 (17.6%)","8,329 (16.21%)","31,666 (61.64%)","1,028 (4.05%)","1,062 (4.18%)","2,412 (9.49%)","2,305 (9.07%)","18,596 (73.2%)",18.4,21.1,12.3,18.3,19.2,9.4,2.9,13.1,6.8,6.6,7.0
AZO,76%,"2,216 (5.17%)","5,110 (11.93%)","12,354 (28.83%)","9,536 (22.26%)","13,641 (31.84%)","8,225 (29.35%)","3,707 (13.23%)","6,362 (22.7%)","3,698 (13.19%)","6,035 (21.53%)",36.1,37.6,14.9,31.0,27.7,16.5,10.8,22.7,19.4,19.3,19.2
AVY,45%,"14,954 (9.37%)","8,687 (5.44%)","32,514 (20.36%)","42,345 (26.52%)","61,169 (38.31%)","9,807 (12.49%)","9,336 (11.89%)","14,597 (18.59%)","12,464 (15.87%)","32,329 (41.17%)",64.3,64.4,65.7,64.3,64.6,93.4,72.5,72.6,79.7,80.2,95.2
BKR,93%,"3,756 (15.89%)","3,350 (14.17%)","6,591 (27.89%)","7,077 (29.94%)","2,867 (12.13%)","2,291 (16.44%)","2,318 (16.64%)","4,283 (30.74%)","2,543 (18.25%)","2,498 (17.93%)",82.8,80.2,84.2,83.9,82.8,77.1,62.8,77.4,76.6,77.9,94.1
BLL,22%,707 (1.61%),"1,076 (2.45%)","7,145 (16.27%)","12,567 (28.62%)","22,420 (51.06%)","1,254 (4.92%)","1,181 (4.63%)","4,050 (15.88%)","4,751 (18.63%)","14,263 (55.94%)",34.9,26.4,27.9,35.3,37.2,3.5,48.5,35.6,21.3,18.6,29.4
BDX,12%,382 (1.33%),560 (1.95%),"5,136 (17.85%)","5,519 (19.18%)","17,177 (59.7%)",311 (2.17%),595 (4.15%),"1,229 (8.57%)","1,344 (9.37%)","10,864 (75.74%)",32.3,32.4,24.3,31.5,32.5,4.1,19.9,40.6,20.8,15.4,20.6
BBY,34%,"2,989 (4.94%)","3,304 (5.46%)","12,455 (20.57%)","18,661 (30.82%)","23,149 (38.23%)","2,720 (7.8%)","2,426 (6.96%)","8,106 (23.25%)","6,510 (18.67%)","15,110 (43.33%)",84.7,85.5,87.7,84.5,84.8,98.2,87.1,82.2,89.2,87.5,73.4
BIO,72%,"2,276 (5.37%)","2,175 (5.13%)","8,240 (19.44%)","15,246 (35.96%)","14,459 (34.1%)","1,022 (5.2%)",955 (4.86%),"2,921 (14.86%)","2,966 (15.09%)","11,789 (59.99%)",91.4,83.0,86.3,87.0,88.2,91.1,65.3,90.3,84.3,91.3,73.4
BIIB,39%,"19,827 (5.95%)","14,437 (4.33%)","42,127 (12.64%)","38,843 (11.65%)","218,071 (65.43%)","30,819 (15.12%)","13,768 (6.76%)","27,698 (13.59%)","26,092 (12.8%)","105,417 (51.73%)",63.8,64.5,73.8,65.3,68.0,73.8,81.0,87.5,68.3,95.2,85.4
BA,44%,"10,894 (3.84%)","8,914 (3.15%)","24,336 (8.59%)","38,452 (13.57%)","200,787 (70.86%)","21,422 (11.53%)","10,477 (5.64%)","20,925 (11.27%)","23,956 (12.9%)","108,955 (58.66%)",29.5,30.8,0.6,18.2,10.7,0.0,18.5,2.2,34.9,0.5,0.3
BWA,36%,834 (2%),"2,267 (6%)","7,374 (21%)","9,784 (28%)","14,976 (43%)","2,675 (13%)","1,955 (9%)","4,542 (21%)","3,596 (17%)","8,593 (40%)",54.7,54.9,48.9,55.3,55.4,21.2,35.6,53.1,47.8,36.8,31.3
BXP,45%,"21,599 (6.19%)","16,682 (4.78%)","49,142 (14.08%)","45,265 (12.97%)","216,367 (61.99%)","37,464 (17.64%)","15,731 (7.41%)","29,270 (13.78%)","25,673 (12.09%)","104,269 (49.09%)",40.3,38.6,9.7,30.3,27.1,0.0,41.5,5.9,31.8,0.4,16.4
BSX,21%,"1,702 (4.65%)","1,255 (3.43%)","10,165 (27.74%)","8,728 (23.82%)","14,788 (40.36%)",990 (5%),"1,345 (6.8%)","3,522 (17.8%)","3,274 (16.54%)","10,660 (53.86%)",21.5,15.2,10.5,14.1,16.7,8.6,0.4,7.8,12.8,3.1,23.8
CPB,57%,"13,386 (7.96%)","16,201 (9.64%)","44,126 (26.24%)","31,928 (18.99%)","62,510 (37.18%)","14,972 (16.01%)","9,456 (10.11%)","19,400 (20.74%)","14,499 (15.5%)","35,198 (37.63%)",87.6,87.5,92.2,86.6,87.4,96.3,97.4,94.6,99.4,94.4,89.8
CAH,24%,634 (1%),841 (2%),"5,856 (13%)","11,227 (24%)","27,903 (60%)","1,632 (6%)","1,722 (6%)","5,026 (18%)","5,517 (20%)","14,229 (51%)",18.1,20.2,13.2,23.1,22.7,3.9,62.8,34.1,28.8,10.8,9.4
CTLT,43%,"1,259 (3.31%)","1,674 (4.39%)","11,655 (30.6%)","8,744 (22.95%)","14,761 (38.75%)",993 (5.05%),"1,084 (5.51%)","3,278 (16.66%)","3,237 (16.45%)","11,083 (56.33%)",9.8,10.9,6.7,9.5,9.9,4.7,16.4,1.5,0.3,0.8,6.4
CAT,12%,480 (1.02%),596 (1.27%),"4,423 (9.4%)","7,612 (16.19%)","33,916 (72.12%)","1,055 (4.15%)",910 (3.58%),"2,870 (11.3%)","2,567 (10.11%)","17,995 (70.85%)",5.1,4.6,1.8,4.2,5.7,2.6,9.4,13.3,17.0,3.8,1.9
CNC,40%,997 (1.29%),"3,234 (4.19%)","10,403 (13.47%)","16,909 (21.9%)","45,663 (59.14%)","5,714 (11.54%)","4,301 (8.69%)","10,270 (20.74%)","7,765 (15.68%)","21,460 (43.34%)",28.1,28.3,7.2,23.9,22.4,7.0,11.4,8.4,24.6,5.7,14.5
CNP,66%,"14,434 (14%)","12,640 (12%)","19,895 (19%)","20,449 (19%)","38,833 (37%)","13,057 (20%)","7,913 (12%)","14,174 (22%)","9,442 (14%)","20,588 (32%)",77.3,73.8,88.1,78.7,78.8,90.5,79.9,90.2,94.9,85.2,96.7
CERN,28%,"1,258 (6.16%)","1,701 (8.33%)","7,753 (37.95%)","6,157 (30.14%)","3,566 (17.45%)","1,400 (11.72%)","1,393 (11.66%)","3,483 (29.16%)","2,519 (21.09%)","3,148 (26.36%)",60.1,60.2,62.0,59.9,59.9,60.7,66.2,62.5,69.8,67.2,84.2
SCHW,17%,263 (1.48%),439 (2.47%),"2,614 (14.71%)","4,599 (25.87%)","9,864 (55.49%)",319 (3.54%),242 (2.69%),788 (8.75%),"1,051 (11.67%)","6,604 (73.35%)",36.4,36.6,26.5,34.6,33.4,9.2,37.8,7.6,41.3,23.4,20.6
CVX,44%,,,,,,,,,,,32.3,41.4,40.3,39.1,36.8,3.4,49.4,50.5,38.3,19.8,73.4
CMG,32%,782 (1%),"1,338 (2%)","6,703 (9%)","17,809 (24%)","47,460 (64%)","4,678 (10%)","2,818 (6%)","6,664 (14%)","6,857 (15%)","25,765 (55%)",6.1,9.7,10.1,10.0,8.8,1.1,62.8,7.6,13.7,3.5,1.1
CINF,44%,"1,454 (3.23%)","2,707 (6.02%)","14,393 (32.01%)","13,751 (30.58%)","12,659 (28.15%)","2,062 (7.77%)","2,472 (9.32%)","6,428 (24.23%)","6,147 (23.17%)","9,425 (35.52%)",30.1,32.2,21.8,32.7,32.3,38.5,62.8,1.8,22.2,6.4,5.8
CSCO,,"2,456 (3.97%)","3,164 (5.11%)","8,302 (13.42%)","11,502 (18.59%)","36,450 (58.91%)","1,520 (5.13%)",948 (3.2%),"2,679 (9.04%)","2,404 (8.11%)","22,075 (74.51%)",66.9,65.8,67.8,66.2,67.5,59.1,62.8,58.2,58.2,58.2,73.4
C,45%,"40,510 (5.84%)","34,242 (4.94%)","77,616 (11.19%)","80,585 (11.62%)","460,363 (66.4%)","53,293 (12.36%)","28,685 (6.65%)","53,151 (12.33%)","44,373 (10.29%)","251,602 (58.36%)",30.6,34.4,0.8,22.3,14.6,0.7,2.7,29.5,10.1,0.1,11.0
CLX,67%,"14,310 (7.45%)","11,519 (5.99%)","24,546 (12.77%)","44,739 (23.28%)","97,040 (50.5%)","13,688 (12.79%)","8,641 (8.07%)","17,316 (16.18%)","15,422 (14.41%)","51,968 (48.55%)",90.9,80.7,93.1,84.6,87.3,99.8,81.0,90.9,97.9,95.8,73.4
CMS,26%,930 (2.84%),"3,436 (10.49%)","11,075 (33.83%)","11,563 (35.32%)","5,737 (17.52%)","3,777 (18.64%)","3,212 (15.85%)","5,989 (29.56%)","3,646 (18%)","3,637 (17.95%)",70.2,71.9,68.8,68.6,67.4,85.7,88.5,71.4,69.9,72.2,89.0
KO,56%,"2,025 (1.78%)","6,360 (5.58%)","15,878 (13.94%)","21,887 (19.21%)","67,759 (59.48%)","11,903 (15.73%)","6,549 (8.65%)","13,589 (17.96%)","11,960 (15.81%)","31,670 (41.85%)",94.1,93.4,97.2,97.3,96.4,97.8,80.7,91.3,71.7,95.3,73.4
CL,53%,"10,230 (6.52%)","12,594 (8.02%)","47,675 (30.37%)","36,246 (23.09%)","50,219 (31.99%)","12,964 (15.7%)","6,643 (8.05%)","14,109 (17.09%)","11,928 (14.45%)","36,923 (44.72%)",72.1,71.3,83.7,72.2,73.6,78.5,87.4,90.3,83.6,92.2,73.4
CMCSA,59%,"16,730 (5.01%)","30,846 (9.25%)","86,339 (25.88%)","57,595 (17.26%)","142,121 (42.6%)","40,397 (20.53%)","20,809 (10.57%)","38,462 (19.54%)","29,713 (15.1%)","67,420 (34.26%)",10.8,13.5,1.9,8.1,7.2,0.2,13.0,5.0,5.2,0.9,0.0
ED,40%,"42,667 (5.12%)","35,891 (4.31%)","89,620 (10.76%)","96,711 (11.61%)","567,890 (68.19%)","61,984 (11.75%)","35,587 (6.74%)","61,119 (11.58%)","54,152 (10.26%)","314,878 (59.67%)",30.2,33.6,0.9,19.2,11.8,1.4,12.7,17.8,11.5,0.0,1.0
GLW,9%,235 (1.93%),676 (5.55%),"3,507 (28.79%)","3,622 (29.73%)","4,145 (34.03%)","1,027 (13.23%)",802 (10.33%),"1,872 (24.11%)","1,491 (19.2%)","2,573 (33.14%)",39.6,36.0,31.3,40.8,41.3,5.1,6.7,48.1,31.0,6.0,18.2
COST,29%,797 (2%),703 (1.76%),"3,778 (9.46%)","8,219 (20.58%)","26,440 (66.21%)","1,118 (5.08%)",753 (3.42%),"2,195 (9.97%)","2,522 (11.45%)","15,433 (70.08%)",36.6,38.1,23.0,31.4,29.2,14.0,49.4,48.4,24.5,30.3,73.4
CSX,68%,"2,726 (5.25%)","6,686 (12.88%)","16,462 (31.71%)","13,668 (26.33%)","12,374 (23.84%)","7,502 (24.65%)","4,363 (14.34%)","8,053 (26.46%)","4,342 (14.27%)","6,170 (20.28%)",84.1,81.9,92.6,86.6,90.2,94.9,93.4,97.7,97.8,77.9,94.8
CMI,16%,873 (4%),"1,775 (8%)","7,471 (34%)","5,797 (26%)","6,046 (28%)","1,976 (15%)","1,684 (13%)","3,794 (28%)","2,416 (18%)","3,604 (27%)",59.4,59.5,60.1,59.2,59.1,66.8,69.0,66.0,65.3,62.0,74.7
CVS,21%,"3,983 (9%)","5,487 (13%)","13,982 (33%)","11,105 (26%)","8,251 (19%)","4,433 (18%)","2,781 (11%)","5,860 (23%)","4,542 (18%)","7,547 (30%)",37.0,31.9,25.6,32.6,34.6,15.1,6.6,1.9,14.0,5.0,11.7
DE,22%,"1,054 (3.8%)","1,764 (6.37%)","8,172 (29.5%)","9,834 (35.5%)","6,878 (24.83%)","2,128 (12.18%)","1,782 (10.2%)","4,670 (26.73%)","3,460 (19.81%)","5,428 (31.07%)",41.8,42.0,40.4,45.1,43.4,24.3,28.6,34.4,45.7,34.9,10.2
DAL,90%,"1,605 (4.78%)","3,029 (9.02%)","11,123 (33.12%)","10,034 (29.88%)","7,790 (23.2%)","3,517 (17.27%)","3,133 (15.38%)","6,395 (31.39%)","3,548 (17.42%)","3,777 (18.54%)",58.4,58.4,,,,59.1,62.8,58.2,58.2,58.2,73.4
DVN,66%,"6,262 (12.96%)","6,206 (12.84%)","12,588 (26.05%)","12,000 (24.83%)","11,266 (23.31%)","6,575 (23.51%)","3,497 (12.5%)","7,699 (27.53%)","4,331 (15.49%)","5,865 (20.97%)",61.5,61.9,66.7,61.7,62.0,69.4,73.1,65.0,64.5,68.7,76.6
DXCM,59%,"1,437 (2.82%)","1,290 (2.54%)","5,033 (9.89%)","10,960 (21.54%)","32,147 (63.19%)","1,966 (7.59%)",915 (3.53%),"2,920 (11.27%)","2,857 (11.03%)","17,244 (66.57%)",29.3,32.5,31.6,29.1,28.9,24.3,62.8,42.6,43.7,1.0,22.3
DISH,19%,255 (.84%),442 (1.46%),"3,185 (10.53%)","7,588 (25.08%)","18,786 (62.1%)",568 (3.24%),525 (3%),"1,948 (11.12%)","2,585 (14.76%)","11,886 (67.87%)",51.3,47.4,38.3,51.7,50.5,11.0,51.2,49.8,43.5,38.7,19.7
DLTR,50%,"1,284 (2.36%)","2,952 (5.41%)","12,673 (23.25%)","18,874 (34.62%)","18,734 (34.36%)","2,467 (7.91%)","2,242 (7.19%)","6,205 (19.9%)","6,365 (20.41%)","13,905 (44.59%)",40.8,39.5,33.1,38.8,39.0,18.5,44.6,25.0,20.2,14.6,73.4
D,64%,"3,313 (3.82%)","9,083 (10.47%)","19,039 (21.94%)","21,218 (24.45%)","34,134 (39.33%)","11,790 (22.4%)","5,705 (10.84%)","12,730 (24.18%)","8,388 (15.94%)","14,025 (26.64%)",65.8,66.0,69.4,67.0,67.0,87.1,81.2,80.5,70.6,79.4,87.7
DPZ,41%,103 (.59%),322 (1.86%),934 (5.38%),"1,917 (11.05%)","14,084 (81.15%)","1,691 (14.48%)",831 (7.11%),"2,030 (17.38%)","1,491 (12.77%)","5,637 (48.26%)",44.4,44.4,35.9,46.5,46.5,6.9,45.5,48.2,40.1,26.2,13.0
DUK,55%,"2,041 (2.94%)","5,256 (7.58%)","10,152 (14.63%)","15,609 (22.5%)","36,315 (52.35%)","6,285 (14.18%)","3,901 (8.8%)","8,423 (19%)","6,749 (15.22%)","18,978 (42.8%)",21.9,23.0,4.3,12.8,11.4,1.5,40.6,19.5,26.6,1.3,12.7
DRE,20%,427 (1%),"1,160 (3%)","5,848 (16%)","8,882 (24%)","20,943 (56%)","1,831 (8%)","2,042 (8%)","6,231 (26%)","4,716 (19%)","9,551 (39%)",19.0,21.0,5.8,21.4,19.7,2.1,17.6,16.8,14.0,9.6,5.6
DD,62%,"3,754 (4.92%)","7,103 (9.3%)","28,666 (37.54%)","17,107 (22.41%)","19,724 (25.83%)","7,558 (17.32%)","4,933 (11.3%)","10,601 (24.29%)","7,224 (16.55%)","13,325 (30.53%)",72.8,73.1,75.9,76.2,71.6,93.9,83.5,77.8,93.0,87.7,82.4
EBAY,51%,"10,893 (7%)","10,080 (7%)","27,783 (18%)","43,950 (28%)","61,574 (40%)","7,333 (8%)","6,738 (8%)","15,781 (18%)","13,486 (16%)","43,354 (50%)",43.5,45.7,39.1,40.7,36.2,3.3,14.1,43.6,21.0,7.5,73.4
ECL,53%,"10,245 (9.82%)","7,011 (6.72%)","24,270 (23.27%)","28,683 (27.5%)","34,085 (32.68%)","9,359 (15.21%)","6,658 (10.82%)","14,725 (23.93%)","11,045 (17.95%)","19,756 (32.1%)",53.2,53.4,39.5,51.3,50.7,7.2,27.3,18.7,33.3,22.4,6.4
EW,77%,"19,639 (14.62%)","11,837 (8.81%)","23,697 (17.64%)","30,966 (23.05%)","48,231 (35.9%)","5,416 (8.64%)","3,606 (5.75%)","10,460 (16.69%)","10,683 (17.04%)","32,511 (51.87%)",91.9,90.3,87.1,90.1,90.2,94.0,62.8,92.4,86.9,98.2,96.6
EA,45%,"1,995 (2%)","2,505 (3%)","11,198 (13%)","23,570 (27%)","47,910 (55%)","2,449 (5%)","2,112 (4%)","6,338 (13%)","6,937 (14%)","30,921 (63%)",74.1,69.4,69.4,70.1,70.8,72.5,70.1,74.1,75.2,87.2,99.8
LLY,35%,"3,884 (7.1%)","8,933 (16.32%)","15,324 (28%)","10,893 (19.91%)","15,689 (28.67%)","7,606 (23.38%)","4,422 (13.59%)","8,691 (26.72%)","5,188 (15.95%)","6,624 (20.36%)",58.7,58.7,59.4,58.5,58.6,67.3,65.2,68.6,61.5,64.0,87.4
ETR,61%,"6,031 (4.41%)","14,409 (10.54%)","28,558 (20.9%)","31,430 (23%)","56,225 (41.14%)","17,717 (22.74%)","9,410 (12.08%)","17,708 (22.73%)","10,982 (14.1%)","22,086 (28.35%)",69.0,67.7,85.1,71.7,72.4,94.2,84.1,87.5,80.3,86.8,89.2
EOG,60%,"8,720 (6.67%)","7,962 (6.09%)","17,679 (13.52%)","24,650 (18.85%)","71,739 (54.87%)","9,981 (12.39%)","6,204 (7.7%)","12,649 (15.71%)","11,433 (14.2%)","40,258 (49.99%)",29.0,37.5,6.3,24.0,22.4,4.7,4.9,3.1,3.1,3.3,2.4
EQR,45%,,,,,,,,,,,29.5,30.8,0.6,18.2,10.7,0.0,18.5,2.2,34.9,0.5,0.3
ETSY,51%,"51,441 (6.52%)","49,251 (6.24%)","110,102 (13.95%)","104,011 (13.18%)","474,493 (60.12%)","65,059 (13.79%)","35,082 (7.44%)","63,438 (13.45%)","51,806 (10.98%)","256,319 (54.34%)",41.3,43.8,3.7,31.9,24.2,0.1,9.9,16.8,5.4,0.2,1.1
ES,,"5,719 (7.95%)","8,560 (11.9%)","23,970 (33.34%)","20,756 (28.87%)","12,900 (17.94%)","8,483 (19.99%)","6,190 (14.59%)","10,819 (25.49%)","6,368 (15.01%)","10,578 (24.93%)",89.8,94.2,90.6,92.4,90.9,87.6,97.0,98.1,85.8,94.3,73.4
FAST,8%,341 (2.52%),663 (4.89%),"3,687 (27.2%)","4,749 (35.04%)","4,115 (30.36%)","1,402 (14.64%)","1,154 (12.05%)","2,830 (29.55%)","1,891 (19.74%)","2,301 (24.02%)",41.9,41.5,39.1,45.2,46.2,31.4,7.7,16.4,41.3,24.1,11.5
FMC,62%,"15,586 (4.62%)","30,558 (9.06%)","89,985 (26.69%)","61,550 (18.26%)","139,483 (41.37%)","41,429 (20.64%)","22,270 (11.09%)","39,742 (19.8%)","30,598 (15.24%)","66,695 (33.23%)",56.0,56.3,50.2,55.5,55.6,19.9,62.8,48.7,48.0,16.3,0.4
F,40%,"8,257 (11.52%)","7,783 (10.86%)","20,051 (27.99%)","21,147 (29.52%)","14,414 (20.12%)","8,835 (22.16%)","6,111 (15.33%)","10,268 (25.75%)","5,783 (14.5%)","8,879 (22.27%)",58.9,58.8,59.4,58.6,58.6,66.6,62.8,59.7,59.0,63.0,80.2
FOXA,40%,"43,948 (4.54%)","36,130 (3.73%)","106,466 (11%)","116,144 (12%)","665,522 (68.74%)","65,405 (10.66%)","40,047 (6.53%)","75,151 (12.25%)","69,587 (11.34%)","363,390 (59.22%)",55.8,56.0,31.9,54.3,52.6,24.4,42.7,53.3,42.4,0.4,2.4
FOX,40%,"43,948 (4.54%)","36,130 (3.73%)","106,466 (11%)","116,144 (12%)","665,522 (68.74%)","65,405 (10.66%)","40,047 (6.53%)","75,151 (12.25%)","69,587 (11.34%)","363,390 (59.22%)",55.8,56.0,31.9,54.3,52.6,24.4,42.7,53.3,42.4,0.4,2.4
FCX,70%,"9,826 (15.07%)","7,810 (11.98%)","13,666 (20.97%)","16,643 (25.53%)","17,237 (26.44%)","8,166 (22.03%)","4,685 (12.64%)","9,808 (26.45%)","5,759 (15.53%)","8,657 (23.35%)",85.1,90.0,94.8,90.4,91.8,89.4,89.8,95.0,86.8,93.7,73.4
GPS,51%,"18,197 (6.79%)","11,422 (4.26%)","29,201 (10.9%)","43,484 (16.23%)","165,540 (61.8%)","22,983 (14.19%)","12,425 (7.67%)","19,264 (11.9%)","14,253 (8.8%)","93,004 (57.44%)",67.4,63.3,83.7,67.5,69.8,94.4,63.7,66.0,77.2,89.6,73.4
GE,47%,"17,681 (8.4%)","11,998 (5.7%)","34,686 (16.48%)","28,657 (13.62%)","117,392 (55.79%)","22,393 (17.46%)","9,886 (7.71%)","17,812 (13.89%)","15,182 (11.84%)","62,978 (49.11%)",5.9,4.6,0.1,2.7,2.0,0.1,2.0,1.1,11.4,0.2,17.1
GIS,20%,669 (1.09%),"1,457 (2.36%)","9,490 (15.39%)","16,064 (26.06%)","33,959 (55.09%)","2,555 (6.88%)","2,742 (7.38%)","7,430 (20%)","5,932 (15.97%)","18,491 (49.77%)",15.1,16.6,6.2,13.8,13.5,2.0,4.2,5.8,1.8,8.7,19.4
GM,85%,"2,282 (4.59%)","5,919 (11.9%)","11,730 (23.59%)","13,924 (28%)","15,871 (31.92%)","12,404 (34.63%)","4,828 (13.48%)","7,932 (22.14%)","4,243 (11.84%)","6,416 (17.91%)",64.4,64.0,70.1,64.2,63.5,90.2,78.1,67.8,64.9,71.2,79.8
GILD,56%,"4,577 (5%)","3,991 (5%)","13,596 (15%)","23,372 (27%)","42,383 (48%)","2,782 (6%)","2,569 (5%)","6,907 (14%)","7,684 (16%)","28,889 (59%)",66.8,63.9,67.7,65.0,65.5,84.4,63.8,67.7,67.6,85.4,98.1
HAL,89%,"8,223 (24.63%)","6,276 (18.8%)","9,470 (28.36%)","6,848 (20.51%)","2,573 (7.71%)","3,142 (18.62%)","2,372 (14.06%)","4,931 (29.22%)","2,999 (17.77%)","3,432 (20.34%)",91.5,89.0,90.5,92.5,89.9,94.6,75.7,74.7,85.8,80.5,93.6
HBI,61%,"1,730 (7.31%)","1,973 (8.33%)","7,217 (30.49%)","6,699 (28.3%)","6,055 (25.58%)","2,563 (17.19%)","2,165 (14.52%)","4,847 (32.5%)","2,503 (16.78%)","2,836 (19.02%)",73.1,74.7,70.9,74.3,73.3,76.4,75.4,70.1,69.0,83.9,73.4
HAS,39%,"11,233 (12%)","11,643 (12%)","27,411 (29%)","22,189 (23%)","23,343 (24%)","9,124 (16%)","6,647 (12%)","14,699 (26%)","9,808 (17%)","15,961 (28%)",62.7,63.7,66.5,63.2,62.9,69.0,77.7,77.5,71.5,72.7,86.1
HSIC,30%,939 (2.78%),"1,001 (2.96%)","7,059 (20.88%)","7,825 (23.14%)","16,989 (50.25%)",794 (4.85%),887 (5.41%),"1,997 (12.19%)","2,046 (12.49%)","10,662 (65.07%)",19.1,14.5,4.7,15.3,13.9,2.1,35.6,35.1,0.1,0.8,73.4
HES,40%,"45,307 (4.68%)","36,318 (3.75%)","107,612 (11.11%)","115,661 (11.95%)","663,250 (68.51%)","65,166 (10.63%)","40,049 (6.53%)","75,252 (12.27%)","69,457 (11.33%)","363,128 (59.23%)",55.8,56.0,31.9,54.3,52.6,24.4,42.7,53.3,42.4,0.4,2.4
HOLX,25%,"1,011 (4.31%)",708 (3.02%),"5,792 (24.72%)","5,138 (21.93%)","10,783 (46.02%)",576 (4.62%),667 (5.35%),"2,155 (17.28%)","2,144 (17.19%)","6,927 (55.55%)",44.2,39.6,33.7,35.8,40.0,4.6,48.1,3.4,22.3,3.7,16.9
HD,48%,920 (1.48%),"1,336 (2.14%)","7,257 (11.65%)","13,154 (21.11%)","39,634 (63.62%)","2,371 (5.93%)","2,188 (5.47%)","6,909 (17.29%)","7,805 (19.53%)","20,691 (51.77%)",19.1,24.4,5.8,7.9,9.3,3.4,62.8,2.9,46.1,7.4,18.0
HPQ,42%,"1,663 (2.07%)","1,263 (1.57%)","4,356 (5.42%)","8,654 (10.77%)","64,425 (80.16%)","3,316 (7.4%)","2,025 (4.52%)","4,143 (9.24%)","3,892 (8.68%)","31,464 (70.17%)",39.0,45.4,46.8,42.4,38.2,14.7,18.6,42.9,1.4,2.9,13.0
HUM,50%,"3,036 (4.33%)","8,423 (12.01%)","21,650 (30.87%)","21,673 (30.9%)","15,364 (21.91%)","12,241 (27.05%)","7,153 (15.8%)","12,050 (26.62%)","6,112 (13.5%)","7,704 (17.02%)",82.1,82.2,88.6,84.3,84.0,94.4,87.7,96.4,76.4,94.0,92.4
IDXX,10%,349 (2.2%),717 (4.52%),"4,751 (29.97%)","4,639 (29.26%)","5,402 (34.08%)","1,259 (13.47%)",891 (9.54%),"1,970 (21.08%)","1,786 (19.11%)","3,438 (36.79%)",40.8,42.2,34.5,40.1,41.0,32.0,32.9,9.8,23.3,11.9,39.2
ITW,34%,"5,279 (6%)","4,658 (5%)","19,946 (21%)","22,613 (24%)","42,301 (45%)","3,768 (8%)","4,243 (9%)","10,413 (21%)","8,210 (17%)","22,838 (46%)",29.3,29.7,11.0,25.6,26.1,17.0,11.1,4.1,39.5,5.8,3.6
INCY,57%,"2,887 (3.81%)","5,715 (7.55%)","25,243 (33.33%)","16,267 (21.48%)","25,624 (33.83%)","7,238 (16.49%)","4,589 (10.46%)","9,467 (21.57%)","6,936 (15.8%)","15,658 (35.68%)",24.0,26.1,22.3,22.3,27.0,3.1,18.3,28.8,10.7,3.4,6.7
IR,16%,197 (1.17%),502 (2.98%),"2,551 (15.12%)","4,712 (27.94%)","8,906 (52.8%)",621 (6.46%),694 (7.22%),"1,480 (15.39%)","1,549 (16.11%)","5,274 (54.83%)",39.7,40.1,37.0,34.4,30.6,17.0,44.9,38.5,40.6,21.3,73.4
INTC,,"5,812 (4.14%)","6,940 (4.95%)","17,833 (12.71%)","26,534 (18.91%)","83,220 (59.3%)","3,630 (5.09%)","3,068 (4.31%)","8,109 (11.38%)","7,324 (10.28%)","49,121 (68.94%)",86.6,84.4,84.2,85.6,87.7,88.8,81.4,93.2,99.5,98.6,81.9
INTU,52%,"3,501 (5%)","2,369 (3%)","7,271 (10%)","13,331 (17%)","49,841 (65%)","3,024 (7%)","2,656 (6%)","6,102 (14%)","6,086 (14%)","25,868 (59%)",66.1,64.3,64.7,64.8,66.3,74.8,64.6,64.2,98.9,81.1,94.8
ISRG,67%,"7,114 (5%)","6,048 (5%)","19,016 (14%)","31,699 (24%)","67,389 (51%)","4,347 (6%)","4,369 (6%)","10,466 (15%)","10,705 (15%)","41,466 (58%)",60.7,60.3,61.5,60.5,61.0,83.8,62.8,71.1,95.2,82.7,80.4
IPGP,11%,617 (3.45%),"1,187 (6.63%)","6,534 (36.48%)","5,323 (29.72%)","4,250 (23.73%)",947 (9.43%),"1,156 (11.51%)","2,348 (23.38%)","1,892 (18.84%)","3,700 (36.84%)",22.8,15.0,27.1,20.3,24.0,23.1,8.7,21.6,19.9,19.8,23.1
SJM,11%,,,,,,,,,,,23.6,26.1,33.5,32.6,33.8,27.5,9.4,1.8,35.2,5.7,10.9
JPM,39%,"43,580 (4.49%)","36,233 (3.73%)","104,839 (10.79%)","116,304 (11.97%)","670,542 (69.02%)","66,021 (10.72%)","39,822 (6.46%)","75,278 (12.22%)","69,887 (11.34%)","365,127 (59.26%)",57.0,57.1,41.2,56.0,55.2,29.9,41.1,55.3,48.9,0.6,2.7
JNPR,67%,"3,662 (4.64%)","3,723 (4.71%)","9,231 (11.69%)","14,368 (18.19%)","47,994 (60.77%)","1,900 (4.64%)","1,665 (4.06%)","4,192 (10.23%)","4,039 (9.86%)","29,183 (71.21%)",78.2,75.3,72.8,75.3,77.3,83.1,83.9,86.4,98.2,90.4,95.9
KSU,70%,"4,860 (9.6%)","5,757 (11.37%)","13,280 (26.22%)","12,296 (24.28%)","14,457 (28.55%)","8,397 (24.64%)","4,830 (14.17%)","8,622 (25.3%)","5,592 (16.41%)","6,638 (19.48%)",25.1,25.4,4.7,22.8,19.1,1.9,2.2,0.7,9.8,1.2,11.6
KEYS,35%,"3,045 (5.68%)","3,376 (6.29%)","9,553 (17.8%)","18,752 (34.95%)","18,921 (35.26%)","3,074 (10.42%)","1,923 (6.52%)","5,452 (18.47%)","5,097 (17.27%)","13,965 (47.32%)",13.0,22.2,29.2,16.7,13.2,13.1,19.7,34.9,39.1,1.7,73.4
KMI,62%,"9,312 (7.31%)","8,180 (6.42%)","18,018 (14.15%)","24,506 (19.24%)","67,353 (52.88%)","10,146 (13%)","6,321 (8.1%)","12,679 (16.24%)","11,240 (14.4%)","37,681 (48.27%)",29.0,37.5,6.3,24.0,22.4,4.7,4.9,3.1,3.1,3.3,2.4
KLAC,83%,,,,,,,,,,,70.6,69.3,71.1,70.6,72.6,77.7,65.2,89.9,81.7,93.0,83.0
LHX,24%,"1,058 (2.85%)","2,239 (6.02%)","11,419 (30.72%)","12,340 (33.2%)","10,117 (27.22%)","2,938 (14.24%)","2,832 (13.73%)","4,959 (24.04%)","3,894 (18.88%)","6,007 (29.12%)",54.8,55.4,49.7,53.8,53.1,32.2,47.9,40.9,40.5,33.0,33.5
LRCX,75%,,,,,,,,,,,93.6,90.4,86.0,89.3,90.5,96.0,68.5,93.4,91.2,96.4,85.2
LEG,28%,"1,428 (13.48%)","1,172 (11.06%)","3,424 (32.31%)","2,639 (24.9%)","1,933 (18.24%)",760 (12.84%),689 (11.64%),"2,213 (37.39%)",992 (16.76%),"1,264 (21.36%)",46.8,47.1,44.7,46.6,45.8,35.3,30.7,7.3,32.8,37.0,18.2
LEN,93%,"11,055 (8.48%)","13,767 (10.56%)","36,949 (28.35%)","29,775 (22.84%)","38,801 (29.77%)","7,048 (13.22%)","5,355 (10.04%)","13,935 (26.14%)","10,571 (19.83%)","16,406 (30.77%)",97.6,94.8,99.1,97.9,98.3,99.4,62.8,81.8,95.3,84.1,73.4
LMT,34%,"1,446 (2%)","1,671 (2%)","7,328 (10%)","10,696 (14%)","54,843 (72%)","1,806 (4%)","1,416 (3%)","4,969 (12%)","5,780 (13%)","29,073 (68%)",56.6,56.5,49.3,55.9,55.8,13.6,62.8,57.0,55.2,43.5,73.4
LOW,16%,479 (2.78%),605 (3.51%),"3,277 (19.03%)","5,363 (31.15%)","7,493 (43.52%)",617 (6.31%),599 (6.12%),"1,752 (17.9%)","2,022 (20.66%)","4,795 (49%)",30.9,31.4,25.6,24.8,21.7,8.3,36.1,32.3,32.9,27.3,27.4
MPC,12%,560 (2%),"2,204 (10%)","8,359 (37%)","6,784 (30%)","4,940 (22%)","2,303 (15%)","1,995 (13%)","4,575 (30%)","3,056 (20%)","3,238 (21%)",22.7,23.3,25.8,29.8,31.5,6.2,7.9,6.1,44.2,13.0,26.9
MA,40%,"5,208 (8.74%)","3,145 (5.28%)","11,423 (19.17%)","10,304 (17.29%)","29,509 (49.52%)","2,263 (7.41%)","1,997 (6.54%)","3,879 (12.71%)","3,976 (13.03%)","18,407 (60.31%)",34.6,32.2,19.4,31.5,31.0,12.0,62.8,38.0,31.6,22.3,33.8
MKC,29%,726 (3%),677 (2.8%),"4,211 (17.41%)","5,742 (23.74%)","12,836 (53.07%)",956 (6.82%),793 (5.65%),"2,722 (19.41%)","2,727 (19.45%)","6,826 (48.67%)",34.7,34.4,22.1,35.1,34.9,10.7,26.3,37.1,36.6,2.7,39.5
MRK,59%,"9,998 (6.65%)","8,879 (5.91%)","45,959 (30.59%)","38,364 (25.54%)","47,038 (31.31%)","5,819 (7.72%)","5,769 (7.65%)","13,815 (18.32%)","12,989 (17.22%)","37,022 (49.09%)",7.1,9.5,1.2,6.9,6.1,0.1,0.1,18.6,6.2,1.0,24.3
MGM,66%,"14,294 (13%)","15,432 (14%)","34,886 (32%)","28,769 (26%)","15,338 (14%)","12,165 (18%)","11,288 (17%)","21,009 (32%)","11,660 (18%)","10,304 (16%)",58.2,58.1,56.3,57.8,57.8,46.0,51.6,57.9,58.2,48.0,23.0
MU,15%,43 (.61%),224 (3.16%),"1,152 (16.26%)","2,119 (29.9%)","3,554 (50.15%)",236 (6%),178 (4.53%),629 (16%),667 (16.96%),"2,222 (56.51%)",4.4,2.2,24.4,4.0,2.4,12.3,44.3,2.1,28.4,8.7,11.7
MSFT,43%,"1,615 (3%)","1,854 (3%)","7,777 (12%)","14,918 (24%)","36,646 (58%)","2,662 (7%)","2,054 (5%)","6,426 (17%)","6,542 (17%)","20,113 (53%)",78.1,77.4,86.6,82.9,83.5,88.5,62.8,82.3,80.8,85.0,73.4
MRNA,39%,"17,694 (5.22%)","13,806 (4.07%)","40,984 (12.08%)","39,467 (11.63%)","227,300 (67%)","31,985 (15.36%)","14,107 (6.77%)","27,853 (13.38%)","25,937 (12.46%)","108,361 (52.04%)",77.1,79.7,89.6,80.3,86.1,93.2,93.3,94.7,80.2,98.8,88.0
MHK,27%,541 (10.98%),610 (12.38%),"1,682 (34.15%)","1,410 (28.62%)",679 (13.78%),308 (11.77%),260 (9.94%),925 (35.36%),463 (17.7%),660 (25.23%),95.2,94.4,88.2,96.0,95.7,88.0,79.9,92.4,77.0,85.2,80.6
MS,41%,"45,772 (4.76%)","36,032 (3.74%)","109,718 (11.4%)","116,490 (12.11%)","654,268 (67.99%)","64,789 (10.65%)","40,072 (6.59%)","74,878 (12.31%)","69,567 (11.43%)","359,207 (59.03%)",56.5,56.7,34.8,55.2,53.8,22.3,49.8,55.1,44.9,0.5,20.9
NWL,39%,"1,464 (2%)",947 (2%),"6,871 (12%)","11,706 (20%)","38,360 (65%)","2,918 (8%)","2,778 (7%)","8,231 (21%)","6,671 (17%)","18,020 (47%)",59.2,59.1,59.7,59.2,59.2,66.2,62.9,58.9,58.5,61.5,78.6
NKE,33%,"5,204 (4.93%)","4,801 (4.55%)","17,897 (16.97%)","31,142 (29.53%)","46,421 (44.02%)","4,140 (7.1%)","3,949 (6.77%)","11,787 (20.21%)","11,029 (18.91%)","27,430 (47.02%)",78.3,74.9,80.9,77.8,78.6,89.1,77.1,69.1,80.0,82.9,88.9
NSC,69%,"2,791 (3.98%)","8,198 (11.69%)","18,498 (26.37%)","22,794 (32.5%)","17,848 (25.45%)","8,647 (20.24%)","5,606 (13.13%)","10,349 (24.23%)","7,103 (16.63%)","11,007 (25.77%)",18.7,17.5,5.9,15.9,14.3,1.0,11.3,5.3,0.4,2.2,9.4
NOC,50%,"6,270 (6.21%)","4,013 (3.97%)","12,775 (12.65%)","17,061 (16.89%)","60,895 (60.29%)","2,788 (5.38%)","1,502 (2.9%)","5,756 (11.12%)","6,221 (12.01%)","35,515 (68.59%)",41.7,42.3,16.6,38.0,34.9,1.8,62.8,50.1,38.4,13.1,73.4
NRG,44%,544 (2%),545 (2%),"1,920 (7%)","3,435 (12%)","21,121 (77%)","1,118 (7%)",692 (5%),"1,594 (11%)","1,910 (13%)","9,794 (65%)",83.8,85.1,87.1,82.8,82.6,73.7,79.3,70.1,86.5,80.0,88.9
NVDA,66%,,,,,,,,,,,86.6,84.4,84.2,85.6,87.7,88.8,81.4,93.2,99.5,98.6,81.9
ORLY,14%,849 (2.06%),"2,660 (6.44%)","11,251 (27.24%)","13,758 (33.31%)","12,782 (30.95%)","7,265 (23.82%)","4,265 (13.98%)","8,619 (28.26%)","4,527 (14.84%)","5,823 (19.09%)",76.3,77.3,76.2,76.6,76.4,77.3,81.7,92.7,81.4,85.6,90.2
ODFL,41%,"1,755 (9.26%)","2,463 (12.99%)","6,598 (34.8%)","5,464 (28.82%)","2,684 (14.16%)","1,989 (17.53%)","1,455 (12.82%)","3,753 (33.07%)","2,097 (18.48%)","2,055 (18.11%)",83.4,85.5,79.5,85.6,84.3,81.3,80.8,87.9,71.3,90.1,88.8
OKE,49%,"2,264 (5.1%)","3,872 (8.72%)","10,603 (23.87%)","12,776 (28.76%)","14,913 (33.57%)","6,207 (21.37%)","3,907 (13.45%)","6,990 (24.07%)","4,595 (15.82%)","7,344 (25.29%)",54.5,54.9,49.0,53.7,53.6,19.0,41.4,17.5,53.7,13.8,14.9
ORCL,65%,"8,067 (8.92%)","5,884 (6.51%)","15,499 (17.15%)","19,055 (21.08%)","41,886 (46.34%)","8,088 (14.47%)","5,274 (9.44%)","12,358 (22.11%)","9,864 (17.65%)","20,314 (36.34%)",81.2,79.6,83.4,79.7,79.1,73.7,62.8,89.6,67.1,83.7,78.9
PAYX,9%,911 (2%),"1,404 (4%)","7,212 (19%)","9,869 (26%)","19,261 (50%)","1,609 (7%)","1,961 (9%)","5,075 (22%)","4,380 (19%)","9,653 (43%)",52.6,51.4,44.5,52.5,52.8,19.2,41.0,50.6,50.7,49.2,73.4
PEP,36%,"3,374 (8.84%)","2,039 (5.34%)","7,557 (19.8%)","6,645 (17.41%)","18,562 (48.63%)",919 (5%),"1,016 (5.53%)","2,085 (11.35%)","2,388 (13%)","11,963 (65.12%)",40.2,38.2,24.5,37.2,36.7,15.9,28.9,41.1,36.0,27.1,32.9
PKI,28%,795 (2.3%),653 (1.89%),"5,353 (15.49%)","5,830 (16.88%)","21,919 (63.45%)","1,387 (7.47%)",802 (4.32%),"2,107 (11.34%)","2,433 (13.1%)","11,844 (63.77%)",42.5,39.4,30.5,37.5,38.5,4.1,18.5,41.0,24.0,7.4,25.1
PFE,75%,"54,399 (6.59%)","68,203 (8.26%)","224,118 (27.15%)","185,296 (22.44%)","293,547 (35.56%)","73,292 (16.34%)","41,428 (9.24%)","90,530 (20.19%)","68,421 (15.26%)","174,802 (38.98%)",71.8,71.4,88.4,74.9,77.4,78.6,87.8,68.2,83.3,98.1,73.4
PSX,70%,"16,754 (12.37%)","9,099 (6.72%)","25,515 (18.84%)","32,224 (23.8%)","51,806 (38.26%)","11,774 (14.16%)","11,058 (13.29%)","22,762 (27.37%)","12,271 (14.75%)","25,311 (30.43%)",80.2,76.7,86.4,81.3,79.6,82.6,62.8,77.2,94.9,77.5,92.7
PXD,67%,"4,905 (8.74%)","3,885 (6.92%)","9,345 (16.65%)","12,038 (21.45%)","25,959 (46.25%)","2,125 (6.4%)","2,519 (7.59%)","7,305 (22.01%)","6,813 (20.53%)","14,426 (43.47%)",47.6,48.4,33.9,45.6,45.1,12.6,62.8,24.3,38.0,34.0,6.5
POOL,14%,494 (2.36%),"1,040 (4.96%)","4,777 (22.8%)","6,249 (29.83%)","8,385 (40.03%)",995 (8.73%),853 (7.49%),"2,108 (18.5%)","1,774 (15.57%)","5,666 (49.72%)",3.2,5.4,2.2,1.4,1.5,1.5,34.4,23.4,5.2,8.8,4.0
PPG,35%,"2,471 (2.65%)","6,182 (6.62%)","27,727 (29.71%)","24,057 (25.78%)","32,895 (35.25%)","13,689 (21.29%)","8,477 (13.19%)","14,693 (22.86%)","10,082 (15.68%)","17,343 (26.98%)",17.3,22.1,3.4,14.3,17.8,0.3,4.3,23.7,22.0,4.8,5.0
PPL,20%,"1,301 (4.27%)","1,872 (6.14%)","9,825 (32.21%)","6,935 (22.74%)","10,566 (34.64%)","1,299 (7.8%)","1,387 (8.32%)","2,849 (17.1%)","3,241 (19.45%)","7,885 (47.33%)",6.5,8.3,7.2,7.2,8.7,19.9,8.6,0.4,0.0,3.5,3.7
PGR,24%,629 (2%),"1,071 (3.41%)","7,984 (25.43%)","8,092 (25.77%)","13,626 (43.39%)","1,665 (8.49%)","2,141 (10.92%)","4,319 (22.02%)","3,461 (17.65%)","8,024 (40.92%)",37.8,38.5,35.3,43.1,43.2,21.8,22.6,44.6,41.0,15.7,10.9
PRU,84%,"31,707 (15%)","33,123 (15%)","76,360 (35%)","46,182 (21%)","29,129 (13%)","25,330 (22%)","14,516 (12%)","31,068 (27%)","20,229 (17%)","25,119 (22%)",75.3,74.1,84.2,76.1,76.7,91.4,91.3,92.2,98.2,95.1,93.3
QRVO,43%,438 (2.95%),341 (2.3%),"2,684 (18.07%)","4,739 (31.91%)","6,655 (44.81%)",746 (8.06%),930 (10.05%),"2,288 (24.71%)","1,819 (19.65%)","3,475 (37.54%)",5.3,4.6,7.5,3.5,2.4,27.6,22.3,8.7,32.4,1.7,73.4
QCOM,57%,981 (2%),"1,177 (3%)","4,853 (11%)","10,167 (23%)","27,293 (61%)","2,787 (11%)","1,404 (5%)","3,493 (14%)","3,386 (13%)","14,625 (57%)",29.3,32.5,31.6,29.1,28.9,24.3,62.8,42.6,43.7,1.0,22.3
REGN,48%,"2,969 (7.64%)","2,270 (5.84%)","7,621 (19.61%)","8,144 (20.96%)","17,845 (45.93%)","1,103 (5.77%)","1,264 (6.62%)","2,681 (14.04%)","2,432 (12.73%)","11,620 (60.84%)",89.9,92.4,92.9,90.5,89.6,88.9,93.5,81.3,83.1,95.7,81.6
RMD,46%,"2,152 (3.26%)","1,997 (3.03%)","10,848 (16.44%)","22,038 (33.39%)","28,962 (43.88%)","2,991 (8.42%)","1,643 (4.62%)","5,913 (16.64%)","6,132 (17.26%)","18,851 (53.06%)",57.7,57.8,57.0,57.4,57.4,30.0,51.3,55.8,57.9,36.7,19.8
ROK,62%,"12,087 (10.51%)","14,859 (12.92%)","30,618 (26.62%)","26,848 (23.34%)","30,622 (26.62%)","16,322 (22.16%)","10,014 (13.6%)","18,489 (25.1%)","12,278 (16.67%)","16,556 (22.48%)",64.6,65.5,69.8,64.2,64.2,91.5,81.5,86.6,66.8,81.9,90.4
ROL,33%,"2,433 (2.22%)","2,476 (2.25%)","8,778 (7.99%)","14,531 (13.23%)","81,595 (74.3%)","6,214 (8.41%)","3,833 (5.19%)","11,389 (15.42%)","12,642 (17.11%)","39,789 (53.87%)",66.9,66.1,74.3,69.7,69.5,91.5,70.5,74.5,61.0,79.5,80.0
SRE,48%,"8,838 (6.36%)","7,371 (5.3%)","18,028 (12.97%)","35,656 (25.66%)","69,085 (49.71%)","9,135 (11.13%)","6,571 (8.01%)","15,544 (18.95%)","13,809 (16.83%)","36,987 (45.08%)",95.3,94.6,95.7,96.5,96.8,99.2,62.8,97.5,75.1,98.9,73.4
SHW,66%,"4,057 (7.61%)","8,976 (16.83%)","14,243 (26.71%)","13,181 (24.72%)","12,869 (24.14%)","12,315 (34.4%)","5,160 (14.41%)","7,283 (20.34%)","4,607 (12.87%)","6,436 (17.98%)",65.6,65.2,70.8,64.3,64.5,85.7,80.8,79.6,62.5,86.6,96.5
SNA,31%,"2,129 (4.16%)","3,985 (7.79%)","16,619 (32.5%)","17,119 (33.48%)","11,280 (22.06%)","3,486 (12.04%)","3,240 (11.19%)","7,128 (24.62%)","5,397 (18.64%)","9,706 (33.52%)",50.3,48.4,42.2,50.9,51.6,24.5,37.7,18.9,43.8,44.2,73.4
SO,56%,"2,207 (1.88%)","6,641 (5.66%)","16,934 (14.43%)","22,618 (19.27%)","68,993 (58.78%)","12,222 (15.91%)","6,521 (8.49%)","13,801 (17.97%)","11,607 (15.11%)","32,653 (42.51%)",75.9,74.6,87.7,82.0,81.2,98.3,70.0,82.7,64.1,87.3,73.4
LUV,70%,"11,947 (19.15%)","7,103 (11.38%)","11,441 (18.34%)","10,282 (16.48%)","21,616 (34.64%)","3,362 (9.56%)","3,691 (10.49%)","8,550 (24.3%)","6,604 (18.77%)","12,972 (36.87%)",59.6,59.6,61.2,59.6,59.8,65.6,62.8,68.7,62.5,67.6,84.9
STT,46%,"22,630 (8.1%)","15,182 (5.44%)","43,406 (15.55%)","36,744 (13.16%)","161,254 (57.75%)","28,881 (17.09%)","12,781 (7.56%)","23,844 (14.11%)","20,898 (12.36%)","82,638 (48.89%)",51.3,50.5,21.8,46.1,43.2,0.7,33.3,16.1,42.6,0.8,20.6
SYK,11%,250 (1.61%),683 (4.38%),"3,937 (25.28%)","5,577 (35.81%)","5,128 (32.92%)",811 (8.36%),"1,053 (10.86%)","2,393 (24.68%)","1,987 (20.49%)","3,452 (35.6%)",15.2,13.5,22.2,20.3,19.1,16.6,13.8,6.7,1.4,3.0,13.6
SIVB,73%,,,,,,,,,,,77.7,75.2,76.0,76.8,79.2,85.8,78.4,92.1,99.5,96.9,89.7
SNPS,62%,,,,,,,,,,,65.9,64.4,65.4,64.8,66.3,75.5,69.1,64.6,99.3,82.0,93.6
SYY,54%,"2,291 (3%)","2,702 (4%)","11,183 (15%)","20,307 (27%)","39,749 (52%)","4,174 (9%)","4,354 (9%)","11,318 (24%)","7,869 (16%)","20,236 (42%)",69.2,67.2,74.1,71.5,68.6,75.8,64.9,70.3,77.6,67.0,96.3
TMUS,40%,"1,619 (2%)","1,918 (3%)","8,910 (12%)","17,629 (24%)","43,124 (59%)","3,307 (7%)","2,713 (6%)","7,611 (17%)","7,862 (18%)","23,403 (52%)",39.3,42.5,14.4,30.0,27.5,15.1,40.3,9.2,27.5,10.3,73.4
TGT,48%,"10,959 (8%)","10,598 (8%)","27,105 (20%)","32,084 (24%)","54,079 (40%)","23,513 (24%)","13,382 (14%)","25,046 (25%)","15,109 (15%)","21,435 (22%)",52.8,53.2,34.0,51.1,49.8,14.4,37.9,25.0,14.6,7.9,26.6
TER,7%,425 (1.33%),660 (2.06%),"7,248 (22.63%)","7,138 (22.28%)","16,571 (51.73%)",554 (3.44%),773 (4.8%),"1,598 (9.91%)","1,869 (11.6%)","11,323 (70.26%)",13.4,8.8,8.5,8.7,10.2,10.7,1.5,11.5,3.0,2.7,29.0
TSLA,44%,"1,337 (2.34%)",967 (1.69%),"3,192 (5.59%)","6,134 (10.75%)","45,450 (79.62%)","2,263 (7.16%)","1,453 (4.59%)","3,260 (10.31%)","2,523 (7.98%)","22,127 (69.96%)",39.0,45.4,46.8,42.4,38.2,14.7,18.6,42.9,1.4,2.9,13.0
TXN,62%,"10,668 (9.41%)","7,949 (7.01%)","19,742 (17.42%)","29,448 (25.99%)","45,513 (40.16%)","7,054 (10.07%)","8,835 (12.61%)","19,200 (27.41%)","11,392 (16.27%)","23,555 (33.63%)",76.6,76.5,81.8,76.6,77.3,78.7,63.9,91.0,74.8,80.4,94.5
TXT,56%,"13,615 (9.99%)","12,643 (9.28%)","40,313 (29.59%)","30,274 (22.22%)","39,379 (28.91%)","15,198 (19.58%)","8,709 (11.22%)","17,321 (22.31%)","13,692 (17.64%)","22,704 (29.25%)",56.5,56.0,47.1,55.8,55.6,5.6,32.0,27.0,47.4,13.9,10.7
HSY,15%,224 (1.09%),605 (2.95%),"4,316 (21.03%)","4,951 (24.12%)","10,433 (50.83%)",763 (6.38%),737 (6.16%),"2,369 (19.8%)","2,137 (17.86%)","5,961 (49.81%)",44.7,47.9,41.6,46.5,47.0,12.7,39.2,10.4,40.3,34.8,26.5
DIS,42%,"7,012 (5.22%)","6,368 (4.74%)","22,199 (16.54%)","40,042 (29.83%)","58,619 (43.67%)","8,751 (11.56%)","6,745 (8.91%)","12,887 (17.03%)","12,062 (15.94%)","35,244 (46.56%)",59.2,59.2,59.4,59.0,59.1,76.5,66.5,63.1,64.5,67.3,94.4
TJX,27%,"1,537 (2.99%)","1,649 (3.21%)","9,693 (18.87%)","9,149 (17.81%)","29,337 (57.12%)","2,011 (7.13%)","1,738 (6.16%)","4,393 (15.57%)","3,371 (11.94%)","16,710 (59.21%)",28.7,23.5,18.6,22.7,25.1,2.2,5.5,5.2,6.0,9.7,20.0
TSCO,8%,103 (.68%),117 (.77%),"1,140 (7.47%)","2,552 (16.73%)","11,348 (74.38%)",279 (3.34%),271 (3.24%),"1,048 (12.55%)",877 (10.5%),"5,877 (70.37%)",5.2,6.4,3.7,4.4,4.0,10.9,38.3,29.2,30.3,34.7,73.4
TRMB,69%,,,,,,,,,,,86.6,83.9,84.2,85.5,88.0,96.6,86.0,85.2,99.9,97.3,95.6
TYL,37%,573 (1%),"1,039 (2%)","5,744 (9%)","13,459 (22%)","41,240 (66%)","1,346 (4%)","1,612 (4%)","5,320 (15%)","5,781 (16%)","22,412 (61%)",38.7,39.8,24.8,37.4,36.7,15.2,62.8,44.5,44.2,23.2,73.4
TSN,43%,"4,062 (12%)","3,982 (11.76%)","8,900 (26.29%)","8,329 (24.6%)","8,573 (25.32%)","1,964 (9.89%)","2,249 (11.33%)","6,342 (31.95%)","4,113 (20.72%)","5,184 (26.11%)",9.8,12.0,9.3,9.0,8.6,24.2,46.4,2.5,40.2,3.7,73.4
UNP,45%,"6,211 (10%)","7,002 (11%)","19,630 (31%)","18,291 (29%)","13,000 (20%)","10,129 (24%)","6,359 (15%)","13,075 (31%)","6,574 (16%)","6,153 (15%)",25.2,28.4,10.4,28.4,25.5,3.6,5.8,0.1,1.6,10.7,24.5
UPS,39%,"1,821 (2.57%)","1,294 (1.82%)","8,284 (11.68%)","11,883 (16.76%)","47,637 (67.17%)","2,194 (5.11%)","2,409 (5.61%)","7,550 (17.59%)","7,944 (18.51%)","22,828 (53.18%)",59.2,59.1,59.7,59.2,59.2,66.2,62.9,58.9,58.5,61.5,78.6
VLO,56%,"1,148 (2.81%)",864 (2.11%),"5,332 (13.04%)","13,529 (33.08%)","20,038 (48.99%)","2,891 (11.58%)","1,822 (7.3%)","4,633 (18.55%)","4,217 (16.88%)","11,413 (45.7%)",98.5,98.6,95.2,98.1,97.2,79.3,62.8,78.3,95.6,92.4,89.7
VRSN,46%,"3,534 (3.99%)","2,740 (3.1%)","10,521 (11.89%)","14,362 (16.23%)","57,354 (64.8%)","1,603 (3.39%)","1,563 (3.3%)","4,172 (8.82%)","5,282 (11.17%)","34,673 (73.32%)",24.5,24.7,9.9,21.5,21.4,2.1,62.8,26.1,20.0,6.3,6.7
VRTX,46%,"20,836 (8.9%)","13,107 (5.6%)","38,207 (16.31%)","31,071 (13.27%)","130,980 (55.93%)","24,475 (17.24%)","10,826 (7.63%)","19,878 (14%)","17,244 (12.15%)","69,538 (48.98%)",5.9,4.6,0.1,2.7,2.0,0.1,2.0,1.1,11.4,0.2,17.1
WMT,31%,"2,363 (7.9%)","2,005 (6.7%)","8,249 (27.58%)","7,375 (24.66%)","9,913 (33.15%)","1,969 (10.89%)","1,885 (10.42%)","4,534 (25.07%)","3,386 (18.72%)","6,310 (34.89%)",73.3,72.9,74.5,73.2,73.1,83.9,66.8,83.5,65.9,88.0,84.3
WM,64%,"13,640 (13%)","12,050 (11%)","19,164 (18%)","20,729 (19%)","41,666 (39%)","13,041 (20%)","7,804 (12%)","14,264 (21%)","9,555 (14%)","21,860 (33%)",29.0,37.5,6.3,24.0,22.4,4.7,4.9,3.1,3.1,3.3,2.4
WAT,15%,970 (3.92%),"1,293 (5.22%)","6,083 (24.58%)","6,775 (27.37%)","9,628 (38.9%)",892 (6.65%),938 (7%),"1,991 (14.85%)","1,763 (13.15%)","7,823 (58.35%)",10.6,6.9,12.8,9.1,9.9,1.2,3.4,2.7,7.4,1.1,15.7
WFC,49%,"18,591 (6.11%)","12,060 (3.96%)","31,151 (10.24%)","48,136 (15.82%)","194,404 (63.88%)","24,098 (13.22%)","13,114 (7.2%)","20,813 (11.42%)","15,927 (8.74%)","108,286 (59.42%)",73.1,66.7,89.2,72.4,75.5,97.1,87.3,68.3,80.8,93.8,73.4
WST,16%,207 (.94%),347 (1.57%),"2,868 (12.97%)","4,154 (18.79%)","14,533 (65.74%)",416 (3.49%),486 (4.07%),"1,274 (10.68%)","1,343 (11.26%)","8,410 (70.5%)",5.9,8.2,5.7,8.2,9.3,1.4,40.7,23.4,2.0,20.7,73.4
WDC,65%,"3,207 (5.74%)","3,336 (5.97%)","9,350 (16.74%)","16,534 (29.59%)","23,447 (41.97%)","1,189 (4.63%)",904 (3.52%),"3,020 (11.76%)","3,038 (11.83%)","17,536 (68.27%)",56.8,56.7,56.1,56.5,56.3,40.6,62.8,55.3,27.0,37.2,73.4
WHR,60%,935 (4.87%),"2,280 (11.88%)","5,458 (28.45%)","5,994 (31.24%)","4,517 (23.54%)","2,939 (23.18%)","1,784 (14.07%)","3,344 (26.38%)","1,927 (15.2%)","2,683 (21.16%)",88.2,92.6,82.2,84.5,81.9,86.1,90.0,98.3,98.5,89.6,93.7
XEL,49%,"10,908 (8%)","10,429 (8%)","27,066 (21%)","31,592 (24%)","50,520 (39%)","23,438 (24%)","13,408 (14%)","24,386 (25%)","14,420 (15%)","20,094 (21%)",79.9,79.8,90.4,81.2,82.1,92.6,83.4,90.9,96.9,95.4,86.7
XLNX,36%,"3,231 (3%)","4,042 (4%)","16,271 (15%)","30,730 (29%)","50,887 (48%)","3,093 (5%)","3,220 (6%)","8,503 (15%)","7,998 (14%)","34,982 (61%)",38.2,40.7,38.6,35.8,31.0,1.0,62.8,46.9,25.3,6.1,73.4
YUM,35%,"2,857 (6.06%)","4,121 (8.74%)","14,296 (30.31%)","14,062 (29.82%)","11,828 (25.08%)","4,375 (15.38%)","4,040 (14.2%)","7,932 (27.89%)","4,883 (17.17%)","7,215 (25.36%)",58.4,58.4,,,,59.1,62.8,58.2,58.2,58.2,73.4
ZTS,34%,"1,287 (3%)","1,747 (4%)","9,285 (22%)","8,517 (20%)","20,780 (50%)",677 (3%),"1,148 (5%)","3,190 (15%)","3,457 (16%)","13,128 (61%)",47.1,47.6,33.1,46.1,45.8,38.4,27.1,52.2,28.9,16.7,28.7
