,total,environmental,social,governance,controversy,minority_pct,primary_school,high_school,hs_diploma,some_college,bsba,income_l15,income_15_25,income_25_50,income_50_75,income_p75,pm25,ozone,nata_dieselpm,nata_cancerrisk,nata_resphi,traffic_prox,lead_paint,rmp_prox,superfund_prox,hazardwaste_prox,waterdischarge_prox,beat0
133,0.9184069717216843,1.5325188498318394,-0.2136452524451354,-0.37194642784394055,0.9773818825339843,0.22483468752218475,0.2366675646235512,-0.26419761353674154,-0.8870272973510136,0.39520122074703395,0.2908965619564475,-0.16015262659978308,-0.16640915521163244,-0.057586277604086,0.4978904848868447,0.031392412389216744,1.7632784983513798,1.777518708821464,1.590764373944266,1.7739312611680347,1.7670127550632175,1.506088150616544,0.4870615589464374,1.5755894601143667,0.8906109753814299,1.5252426898941331,0.6754720317008831,0
120,0.2640912751302698,-0.7482919625385808,0.8069335074366617,1.296786194374819,0.9773818825339843,1.6237350050499741,0.2954075218316846,0.5139366512082877,0.8836572586019402,-0.14122071047110818,-0.5653312699017753,0.5884265261921339,0.17579470530917632,0.13954592565593482,-0.011632498468906878,-0.33499713101005907,0.8341089266877434,0.8371401095284781,1.354156917597833,0.9538108426314612,1.0433635515933584,0.9567431723922569,1.3612152023437978,0.6565239524383387,1.162946066853788,1.5037476320350256,0.6754720317008831,1
49,1.18013325035825,1.7079658353987948,-0.4687899424155847,0.4624198832654392,-0.09002201549655138,1.1574348992073777,1.922248945378687,1.7179416959826912,0.7462980899455054,0.25693097139577337,-1.3065885801677282,1.6186208689019317,1.0827740429496935,1.3064413868886369,0.06301099590805057,-1.4167472419315272,0.42685588038410704,0.45207128654212575,0.6508169446228187,0.4526261424146661,0.4689203694574903,0.7114046384280126,0.8472128600261497,0.5561481973337895,0.5385680522586255,0.7138042557128287,0.7676141809111006,1
93,0.13322813581198695,0.47983693643010694,0.041499437525313876,-1.2063127389533204,-0.09002201549655138,1.3646793906929762,1.064134787903345,1.3315033955856663,0.7675263251014998,0.16530610736783027,-0.9895119837764145,1.7809806467627505,1.547392292599897,0.9519213761871483,0.3615849734158798,-1.5062423926962683,-1.0123684774268022,-1.0274036649317533,-1.358725835305793,-1.0243499817090709,-1.13131420934957,-1.088633518374869,-1.6318868726487639,-1.460777131798245,-1.2781062774411296,-1.0998412511493585,-1.1040232249214474,0
72,-0.2593612821428617,0.30438995086315157,-0.2136452524451354,-1.2063127389533204,-0.09002201549655138,-1.2258767528770043,-1.109243628797595,-1.037074214330791,-0.5848371263068564,0.46183748549462905,0.6164446704650864,-0.7707978088196772,-0.3416843032832661,0.1093401848338347,0.21878872330343987,0.3130919137896438,-1.4077597845177114,-1.3840989956980583,-1.310107864823649,-1.3660668227659765,-1.3402026392171584,-1.0859667951796055,-1.561954581176975,-1.30080327210037,-1.5437990496092842,-0.8983250837202265,-0.8794267362215418,0
8,0.7875438324034013,1.7079658353987948,-0.4687899424155847,-0.37194642784394055,-0.09002201549655138,1.1574348992073777,0.14472676203690737,2.022886205139527,0.6151825198643628,0.2852513839135017,-0.9017713225612609,2.407430763110688,1.7783103448212556,0.9042281012048852,-0.7450859649555308,-1.5951369048652728,1.506274148742289,1.6113311115326174,1.6069703641049806,1.5385263262177218,1.5357434219955304,1.4340866243444286,1.0570097344415161,1.6195038529726071,1.6644411743211798,1.436575576225315,1.2168071583109124,0
44,0.002364996493704053,-0.046504020270759214,0.29664412749576313,-0.37194642784394055,0.9773818825339843,-0.7595766470344079,-0.8768377111480233,-1.1948041328601888,-1.3253279173365473,-0.4510793415474269,1.2893247757840567,-1.0294240036422204,-1.4434138054478207,-1.4852049754064924,-1.2481182096698085,1.5329889017305107,-0.5576684742722567,-0.5126274489394721,-0.7655865954236383,-0.6978205558102499,-0.7545690054812412,-0.7659600117479821,0.018515206085452297,0.03544896772894073,-0.7898958085821463,-0.3179585215243267,0.6754720317008831,1
0,1.5727226683130986,1.1816248786979284,1.062078197407111,0.4624198832654392,0.9773818825339843,0.7947570391075804,1.917141123012762,0.35620673267888997,0.8037391968381966,0.9199618056343469,-1.26060037153082,0.45911342878086214,0.9074988948780596,1.0727443394755476,1.198890258166096,-1.01612129857527,0.8815558835386526,0.9060471620628775,1.00734872815854,0.9386234274733763,0.9239987345261649,1.0394115914454265,1.4206576500948183,1.2462315136775648,1.1396979492890746,0.9475630099306218,1.2369632534506476,0
116,-0.6519507000977104,-1.0991859336724916,0.29664412749576313,0.045236727710749325,-0.09002201549655138,1.1056237763359782,0.8904688274619067,0.05389105549754404,-0.3650624564565605,-0.36778401061293275,0.0869751631322631,0.3197426460153806,0.2314376094589011,0.4447828855424179,0.7640107691873013,-0.49356572028449935,1.2057767553531982,1.169515304106171,1.1920970159906867,1.1360598245284774,1.1067761106603045,0.8260737358243443,0.4870615589464374,1.327786814700011,0.6249182032132755,1.1168365905710924,0.8338413506559449,1
60,-0.5210875607794275,-0.7482919625385808,-0.2136452524451354,0.4624198832654392,-0.09002201549655138,1.7273572507927735,2.346198201750433,0.6585224098602359,-0.3038751904186937,-0.03960040673102541,-0.544757597616843,-0.517918862770968,-0.7951739721035247,-0.4168756158038005,0.5660432406223277,0.4392260188943122,1.628845453940471,1.6032243994697466,1.3120213431799745,1.5309326186386794,1.5208228198621314,1.3674185444628404,0.4870615589464374,1.4156156004164917,1.282507814329458,1.5064345142674143,1.3435026134749615,0
135,1.0492701110399671,0.47983693643010694,1.062078197407111,0.4624198832654392,-1.157425913527087,-0.6559544012916086,-0.3251928956281607,0.39038154836025946,1.5517223061582384,1.697940196562522,-1.3822270812152744,-0.029402716995053077,0.7183130207689947,0.8438166195606854,1.0853023319402921,-0.6629458042821973,-0.015982383557711314,-0.09513177770163778,-0.1432765732521972,0.0425659331463791,0.08098471398911211,-0.4859540762453117,-0.39058869902451215,-0.8898900246411218,-0.14891199572647393,0.0555181087776645,0.6754720317008831,0
28,1.4418595289948157,0.12894296529619617,2.082656957288908,0.8796030388201291,2.04478578056452,-1.6403657358482011,-1.1271210070783313,-1.3236168996591968,-1.3328202356268983,-1.1824123471522852,1.6469436087368559,-1.1630475376338678,-1.3988994821280407,-1.273764789651793,-1.6829976986486033,1.5792380736022225,-1.8031510916086206,-1.8705017194702926,-1.452720578237938,-1.7305647865600091,-1.6311543808184419,-1.0699664560080242,-1.380130623350324,-1.0655475960740826,-1.0389827824897908,-1.0299823131072594,-1.38332911471492,0
92,-0.7828138394159933,-1.0991859336724916,-0.2136452524451354,0.045236727710749325,-0.09002201549655138,1.2092460220787773,-0.20260515884596914,-0.4192987000906494,-1.0468634208785017,-0.8492310234143085,0.9601460192251363,-1.0926437401543978,-1.265356512168701,-1.4438708037551977,-1.7641319316670352,1.600861063048737,1.0871593632259255,0.9952209947544539,0.8485300245835368,0.9689982577895456,1.0396334010600083,1.0767457161791156,1.2248472339738097,1.2274110595954622,1.6577988550169758,1.296857700141117,1.3233465183352267,0
55,0.7875438324034013,1.5325188498318394,-0.4687899424155847,-0.7891295833986305,0.9773818825339843,0.587512547621982,-0.6367700599495646,0.33517607687497025,-0.6797398246513024,-0.1312252707589691,0.45064507616886507,0.2780750924050818,0.0533803161797815,-0.04963739844037538,-0.0246139757518557,-0.10555318743870934,-1.1388936956958933,-1.1246842096862002,-1.3716906274343648,-1.4040353606611882,-1.418535800417504,-1.099300411155923,-0.28918687639041846,-0.8710695705590187,-0.7201514558880057,-1.09715436891697,-1.0723493611304353,0
108,0.002364996493704053,-0.9237389481055361,0.5517888174662124,1.296786194374819,0.9773818825339843,-0.13784317257761253,-0.1719582246504212,-0.6742954017131758,-1.0830762926151982,-1.8621022475777576,1.3970340012757625,-0.2291196118857947,-0.5614737746746797,-1.1131974305448409,-1.254608948311283,0.869283253441659,0.22916022683865248,0.24129677290749107,-0.3831252276307736,0.20583064609578977,0.16304802572280735,-0.5446219865411093,0.03250166437981001,0.2456107049790906,-0.11237923955335268,-1.1186494267760774,-0.8362351037792523,1
112,0.9184069717216843,0.47983693643010694,1.8275122673184587,-0.7891295833986305,0.9773818825339843,0.32845693326498393,0.19835889687911623,-0.6138322662769067,-0.9269863282328856,-1.0657988838439933,0.9311008348228783,-0.9863196378384632,-1.5880853562371056,-1.302380754641151,-1.066377527708521,1.44349375096577,-0.35601890765589295,-0.3423864956191902,-0.9730232694807853,-0.44722820570185234,-0.5419504250803031,-1.0913002415701327,0.4870615589464374,0.08877358762823255,-0.3282546169399781,-0.7801022654951358,0.6754720317008831,0
54,0.5258175537668356,-0.2219510058377146,1.3172228873775602,0.045236727710749325,-0.09002201549655138,-0.13784317257761253,-1.2369391879457114,-1.1685158131052888,-1.834805561080416,-2.038688349158885,2.1933561403043296,0.32117945820883914,-0.4168022238853947,-0.3071810833445959,-0.8197294593324882,0.22239548583342933,-0.24926325474134767,-0.2572660189590492,-0.34747204927720143,-0.12449563359255253,-0.1092529632117273,-0.9552973586116926,-0.11785276228453587,0.029175483034906545,-0.2717949028542452,-0.42812069305225214,-1.0637110346419774,0
67,2.0961752255862303,2.0588598065327055,1.062078197407111,0.045236727710749325,-0.09002201549655138,0.9501904077217792,-0.2077129812118937,0.724243209247485,0.8262161517092496,-0.8375696770834793,-0.21376351703278093,1.2062557693793208,0.6904915686941323,0.0775446681789928,-0.018123237110381288,-0.6803643235585567,0.209390661484107,0.22508334878174968,0.11601926931923656,0.21722120746435317,0.23019073532310375,-0.6086233432274339,0.4870615589464374,0.044859194769992346,-0.009423290338192813,-0.6941220340587062,-1.4265207471572097,0
165,-0.6519507000977104,-0.9237389481055361,-0.4687899424155847,0.8796030388201291,-1.157425913527087,-0.5005210326774098,-0.6214465928517906,-0.6059457703504368,0.24056660534681254,-0.5477019254314398,0.3084446941994781,-1.3282809398816038,-1.0038348626649933,-0.6855477315372157,0.22852483126565148,0.9876090568017529,-0.14250760182680208,-0.12755862595311995,-0.43822559417720314,-0.13968304875063717,-0.13536401694517594,-0.11527955210368128,-0.761229843824993,0.15464517691559299,-0.6437647838896614,-0.6833745051291525,-0.6116386150793464,1
134,0.7875438324034013,1.006177893130973,0.29664412749576313,-0.37194642784394055,-0.09002201549655138,1.1574348992073777,0.555906462493842,2.7668456542031863,0.8287135911393665,0.23860599859018475,-1.2563646154721575,3.183309347578318,1.614163777579567,0.16339256314706613,-0.7872757661251156,-1.596338182056746,0.5889663162913796,0.5858320355794903,0.7837060639406783,0.5513443409422164,0.5621741327912351,1.1460805192559675,1.1164521821925368,1.0141125799982948,0.47214485921658694,1.1947561753103566,1.3406231713121424,1
25,0.7875438324034013,-0.5728449769716254,1.3172228873775602,1.296786194374819,-0.09002201549655138,-1.1740656300056047,-0.20005124766300664,-0.7557891929533647,0.9573317217903918,0.08867440290809551,-0.2748794258791981,-1.0409185011898892,-0.5030487253174686,-0.24041049836942738,0.403774774585464,0.5587530994458793,-1.1547093479795296,-1.4408459801381523,-1.1707363494415035,-1.354676261397413,-1.220837822149965,-0.9099630642922126,-1.6948259349733739,-1.2380684251600267,-1.1784714878780718,-1.0487904887339783,-0.7527312810574923,0
11,0.13322813581198695,0.47983693643010694,-0.4687899424155847,0.045236727710749325,-2.2248298115576226,-1.5885546129768016,-0.8921611782457973,-1.1711446450807788,0.23557172648657865,-0.19119790903180478,0.4367275919761163,-1.2075887156310836,-0.9342812324778371,-1.3103296338048613,-1.1897015618965372,1.4200688457320458,-1.043999781994075,-1.2989785190379173,-1.070259210445073,-1.2369737939222567,-1.1350443598829199,-1.088633518374869,-1.537478279161849,-1.3133502414884384,-1.5969376040429148,-1.1105887800789123,-0.6289152680562622,0
124,1.4418595289948157,2.4097537776666162,-0.4687899424155847,-0.37194642784394055,-0.09002201549655138,-1.2258767528770043,-0.29709987261557524,-0.04337572759558465,1.5155094344215418,-0.09124351191041216,-0.6210012066727694,-0.6386110870214884,-0.08016265377955857,-0.3516948066613743,1.3481772469200108,0.16653609642993322,-1.7477963086158934,-1.7205275463071872,-1.27769588450222,-1.616659172874374,-1.5192498648179482,-0.6086233432274339,-1.4081035399390396,-1.4701873588392964,-1.6035799233471189,-1.0380429598044247,-1.3314991557841724,0
56,-1.3062663966891248,-0.2219510058377146,-1.4893687022973818,-0.7891295833986305,-2.2248298115576226,-1.2258767528770043,-1.132228829444256,-0.8688289678994332,-0.5086652236882879,0.11866072204451336,0.6715094992276999,-0.6098748431523169,-0.16919130041911862,1.0632056844790954,1.2021356274868338,-0.3337958538185859,-1.253557174752257,-1.205751330314906,-1.323072656952221,-1.0775059347623674,-1.1089333061494713,-1.083300071984342,-1.0934082283159898,-0.955761613928482,-1.1386175720528489,-0.8741431436287307,-1.2767897546906057,0
15,-1.5679926753256905,-1.0991859336724916,-0.723934632386034,-1.2063127389533204,-0.09002201549655138,1.6755461279213737,-0.06724786614896576,1.4787179862131044,1.0934421707317683,-0.17120702960752604,-0.7904314490192729,2.4577191898817388,1.2858706430961897,0.5385796596742018,-0.6834239478615227,-1.3831114805702822,-0.5774380396268022,-0.5328942290966485,-1.028123636027215,-0.7130079709683346,-0.810521263481488,-0.6992919318663939,-1.3311780193200717,-0.7706938154544696,-0.9592749508393447,-0.6135155670870535,-0.8851856205471804,1
3,-0.7828138394159933,-0.9237389481055361,-0.2136452524451354,-0.37194642784394055,-0.09002201549655138,1.0538126534645784,-0.6648630829621501,-0.8898596237033529,-1.1330250812175382,-0.6543199490275925,1.1495448258481917,-0.9949405109992147,-1.3516030136007744,-1.4088957354348717,-1.5337107098946883,1.52277804560299,1.1464680592895617,1.1006082515717717,0.880942004904966,1.060122748738054,1.1478077665271524,1.4527536867112734,1.2388336922681673,0.6722076641734245,1.5714487040623253,1.3452215803241088,0.6754720317008831,0
23,-1.3062663966891248,-0.5728449769716254,-1.4893687022973818,0.045236727710749325,-0.09002201549655138,-0.39689878693461056,-0.8768377111480233,-0.08017937525244405,0.11569463384096247,0.7850233695204666,-0.11513091166678054,0.10853125357697015,0.10902322032950629,0.2683177681080448,0.553061763339379,-0.2737319942449341,0.15798979156228893,0.16833636434165575,0.07388369490137843,0.2096274998853107,0.22273043425640407,-0.5739559416890081,-0.4640176050698905,0.1828758580387474,-0.016065609642396766,-0.14331117641907914,-0.5367731188460444,0
31,-0.3902244214611446,-1.0991859336724916,0.8069335074366617,0.045236727710749325,-0.09002201549655138,-0.8113877699058074,0.18558934096430463,0.5323384750367175,2.2322745508651214,1.1415273859201016,-1.6611818730786247,-0.07538070718572723,0.8490738455208485,1.565574847625599,1.8804178155209241,-1.0930030388295442,0.3715010973913798,0.38316423400772603,0.4984806371121013,0.38428277420328477,0.39058720825714466,0.4793997204400856,0.6059464544484786,0.47772963865836043,0.7145895138200277,0.6735010222270024,0.9864517852853679,0
101,-0.7828138394159933,-1.0991859336724916,-0.4687899424155847,0.8796030388201291,2.04478578056452,-0.18965429544901213,0.844498426168585,-0.26945527748772136,-0.11282107401474295,-0.9991626190963983,0.27939950979722056,-0.6946467625663727,-0.575384500712111,-1.0496063972351568,-0.7353498569933192,0.9461649936959333,-0.6367467356904385,-0.7517754547941539,-0.8822697245807836,-0.6940237020207287,-0.687426295880945,-0.8192944756532526,0.4870615589464374,-0.2907722363608439,-0.5540934732829091,-0.5329091001154007,-0.4647870647755619,0
160,1.3109963896765329,-0.9237389481055361,1.5723675773480095,3.799885127702958,3.1121896785950556,0.2766458103935843,0.17281978504949305,-0.6164610982523967,-1.2279277795619843,-1.244050892043811,1.148334609831431,0.14014112183305888,-0.3917629170180185,-1.2546874796588878,-2.1276132955896094,0.8927081586753832,0.8855097966095614,0.6466323760510196,1.3800865018549762,0.8588894978934318,0.9724906914597121,1.4500869635160096,1.3437321294758504,0.6596606947853557,1.07991707555124,1.3882116960423234,0.6754720317008831,1
97,0.2640912751302698,0.6552839219970623,-0.2136452524451354,-0.37194642784394055,-0.09002201549655138,2.556335216735167,0.7780967354115645,1.1185680055709795,1.0335036244089606,-0.0745844457235131,-0.9156888067540094,0.14014112183305888,0.39836632190807597,1.0854625461374847,1.471501281108027,-0.8281214181097399,1.854218498982289,1.7856254208843345,1.7009651070371252,1.8270872142213312,1.8229650130634643,1.511421597007071,0.4870615589464374,1.0831209116326723,1.5614852251060196,1.127584119500646,0.6754720317008831,0
1,-1.5679926753256905,-1.0991859336724916,-0.9790793223564832,-0.7891295833986305,-1.157425913527087,1.3646793906929762,1.7868916526816834,0.5612556267671069,-0.25642384124647083,-0.1312252707589691,-0.38016821933738254,-0.3555590849101493,-0.35837717452818346,-0.49954395910638966,-0.24529908956199084,0.459647731149354,0.49011848951865256,0.4844981347936082,0.5957165780763889,0.5171726568365259,0.5584439822578855,1.234082384699664,0.6479058293315519,0.8321815238712995,0.9570341684234684,1.081907121550043,0.8396002349815831,1
62,0.7875438324034013,-0.7482919625385808,1.8275122673184587,1.296786194374819,-0.09002201549655138,-0.44870990980601017,0.4256569921627632,2.6327752234531987,0.989798434381913,-0.5626950849996488,-0.98225068767585,1.5999423103869699,1.3860278705656945,1.1776695444365264,0.2122979846619649,-1.4533861962714547,0.3161463143986526,0.32236389353619677,0.41420948827638526,0.3311268211499884,0.34209525132359747,0.6554034513274783,0.5709803087125842,0.6690709218264072,0.43893326269556765,0.5875207907905726,1.0785939344955857,0
142,-1.044540118052559,-0.7482919625385808,-0.4687899424155847,-0.7891295833986305,0.9773818825339843,0.22483468752218475,0.6555089986293727,0.4455870198455487,-0.009177337664887602,0.11866072204451336,-0.29666331418089137,1.6890246663814015,1.5000958240726308,0.9042281012048852,-0.09601210080807594,-1.3548814665706659,0.08286544321501597,0.09942931180725609,-0.4090548118879169,0.050159640725421555,0.013842004388815707,-0.7552931189669281,-0.38359546987733345,-0.6985487414730749,-1.118690614140237,-0.919820141579334,-0.6721069004985517,0
123,0.13322813581198695,0.47983693643010694,-0.4687899424155847,0.045236727710749325,-1.157425913527087,-0.44870990980601017,-0.7108334842554721,0.08280820722793372,1.2033295056569167,0.41519210017131275,-0.5840896181615669,1.2996485619541278,1.2747420622662444,0.5640160729980754,0.12467301300205862,-1.05576344589388,-1.3207736969577113,-1.1611644139691177,-1.4008614097236511,-1.3470825538183706,-1.1798061662831172,-1.1313010894990856,-1.5584579666033858,-0.739326391984298,-0.8729247998846944,-1.0031134907833752,-1.2940664076675217,0
48,-0.7828138394159933,-0.39739799140466997,-0.2136452524451354,-1.2063127389533204,-0.09002201549655138,-1.1222545071342052,-0.41713369821480456,0.017087407840684632,1.177106391640688,2.0344533335378787,-1.214612162893912,-0.00928734628663296,0.442880645227856,1.1792593202692687,1.4650105424665525,-0.8101022602376443,-0.3520649945849841,-0.35454656371349597,-0.20161813783076993,-0.1776515866458489,-0.22488762974557086,-0.4912875226358387,-0.7087806252211514,-0.4036949608534618,-0.0858099623365371,-0.19436193883445918,-1.144335415200918,0
94,-1.8297189539622563,-0.7482919625385808,-1.9996580822382803,-0.7891295833986305,-1.157425913527087,-0.44870990980601017,0.06300160418211284,-0.003943247963235095,-0.2838956749777577,1.9428284695099358,-0.5834845101531867,-0.26216629233534194,-0.5809487911270836,-0.13389551757570692,0.6406867349992852,0.1659354578341968,-1.4907919590068024,-1.1571110579376824,-0.5646323174307771,-1.2559580628698626,-1.3513930908172076,-0.7899605205053538,-1.0199793222706117,-0.388011249118376,-0.3050064993752645,-1.0864068399874163,0.6754720317008831,0
29,-0.12849814282457883,-1.0991859336724916,1.5723675773480095,0.045236727710749325,-0.09002201549655138,-0.18965429544901213,-1.0581654051383484,-0.5559979628161273,-0.8245913115980885,-0.23117966788036232,0.8615134138591359,-0.10124332666798178,0.022776718897432425,0.22698359645674993,0.12467301300205862,-0.07311870326893702,-0.8937510852995295,-0.90985634002013,-1.27769588450222,-0.982584590024338,-1.008219241749027,-0.9526306354164291,-1.3101983318785353,-1.2192479710779236,-0.7865746489300443,-0.9789315506918793,-1.0205194021996877,0
2,0.002364996493704053,-0.7482919625385808,-0.4687899424155847,2.5483356610388888,-0.09002201549655138,1.2610571449501768,0.6555089986293727,2.54865260023752,1.4892863204053133,0.7850233695204666,-1.8094333351318153,2.1200683244189737,2.6129539070671304,1.5401384343017255,-0.7450859649555308,-1.8954562027335318,1.4746428441750163,1.3478629694893238,1.2180266002478302,1.580291717902455,1.621536884262576,1.1354136264749133,1.546535774744038,1.4563932509277147,0.6282393628653777,1.0926546504795964,1.193771621008358,0
85,-0.3902244214611446,-0.39739799140466997,-0.2136452524451354,-0.37194642784394055,-0.09002201549655138,-0.5005210326774098,0.14472676203690737,-0.3430625728014404,0.11569463384096247,0.11866072204451336,0.0058906900092933695,-0.6098748431523169,0.10902322032950629,0.2683177681080448,0.553061763339379,0.08665116319697647,-0.8463041284486205,-0.8531093555800361,-1.154530359280789,-0.918038075602478,-0.8702036720150846,-0.6859583158900763,-1.3206881755993036,-1.3541278919996615,-0.2917218607668568,-0.976244668459491,-1.3343785979469918,0
149,-1.044540118052559,-0.7482919625385808,-0.723934632386034,-0.37194642784394055,-0.09002201549655138,-0.8631988927772071,-0.6240005040347529,-0.813623496414144,-0.15028266546649807,-0.9125354749245245,0.7392815961663011,-0.7348775039832128,-0.6811060185965884,-0.5949305090709159,-1.089095112953682,0.8800947481649163,-0.870027606874075,-1.1044174295290237,-0.9081993088379269,-1.028146835498592,-0.9075051773485825,-1.0806333487890785,-1.5164985917203124,-1.3196237261824726,-1.4043103442210032,-0.8714562613963422,-0.8621500832446259,1
145,-0.3902244214611446,0.47983693643010694,-1.2342240123269326,-0.37194642784394055,-0.09002201549655138,0.9501904077217792,1.0156104754270607,0.18533265427204224,-0.3313470241499806,0.45017613916379984,-0.2869815860468057,-0.312454719106392,1.113377640232042,1.2873640768957315,0.3161498029255578,-0.6563387797290957,1.0238967540913797,1.0438612671316774,1.1402378474763997,1.0183573570533209,1.0396334010600083,0.9594098955875207,0.5255243192559212,1.3717012075582513,0.8806474964251242,1.0281694769022744,1.2830343280557563,0
90,-1.4371295360074077,-0.5728449769716254,-1.4893687022973818,-0.7891295833986305,-2.2248298115576226,-1.6921768587196009,-0.5065205896184859,0.08543703920342363,2.048712752751521,1.0715593079351262,-1.2811740438157526,-0.40441069948774083,0.8073416674085547,0.6466844163006646,1.1502097183550373,-0.46353379049767346,-1.1033084780577114,-1.448952692201023,-0.6326974761057784,-1.1192713264471001,-0.9485368332154303,-0.523288200979001,-1.4046069253654503,-0.8051979812716583,-0.942669152578835,-0.6000811559251114,-0.7728873761972274,0
22,1.7035858076313815,0.30438995086315157,2.5929463372298067,0.4624198832654392,2.04478578056452,0.017590196036586295,-0.40691805348295523,-0.8293964882670838,-1.433966532546637,-1.6188798812490346,1.570699999680929,-0.10268013886144033,-0.8257775693858734,-1.2785341171500195,-0.7775396581629034,0.8470596253994076,-0.8383963023068023,-0.8085224392342479,-1.4916149546236528,-1.199005256027045,-1.4446468541509523,-1.1393012590848761,-1.061938697153685,-1.4137259965929874,-0.4444952047635456,-1.1186494267760774,-1.429400189320029,0
91,0.6566806930851184,-0.9237389481055361,1.5723675773480095,1.7139693499295088,0.9773818825339843,-0.24146541832041174,-0.24091382659040392,-0.6769242336886658,-1.159248195233767,-1.8854249402394159,1.4593601261389406,-0.21906192653158463,-0.597641662372001,-1.1275054130395197,-1.2838172721979184,0.8830979411435987,0.24892979219319794,0.25751019703323214,-0.17568855357362642,0.23620547641195905,0.21527013318970464,-0.34195102370108116,-0.2717038035224712,0.2518841896731248,0.020467146530724505,-1.115962544543689,-1.3602935774123657,0
154,0.6566806930851184,1.7079658353987948,-0.723934632386034,-0.7891295833986305,0.9773818825339843,0.6393236704933816,-0.6699709053280748,-1.1027950137180398,-0.8782862593456042,1.631303931814927,0.24732878535306094,-0.09549607789414735,-0.3639414649431561,-0.1211773109137698,0.5141173314905313,0.0686320053248811,1.8898037166204709,1.9396529500788753,1.5745583837835515,1.8346809218003732,1.781933357196617,0.9754102347591017,0.4870615589464374,0.9733349294870718,1.5714487040623253,1.3505953447888857,1.1448211042404297,0
66,0.2640912751302698,0.47983693643010694,-0.2136452524451354,0.045236727710749325,-0.09002201549655138,-1.8476102273337995,-0.7440343296339823,-0.3719797245318301,0.8899008571772329,1.957821629078144,-0.8799874342595676,0.3441684533041764,0.9575775086128124,1.6275761051025412,1.4422929572213916,-1.2335524702318894,-0.34811108151407494,-0.3748133438706724,-0.24375371224862782,-0.1738547328563277,-0.12044341481177656,-0.30195017577212824,-1.4395730711013446,-0.9683085833165508,-0.23194098702902216,-0.484545219932409,-1.1069026670842668,0
30,1.5727226683130986,2.0588598065327055,0.5517888174662124,-0.37194642784394055,-0.09002201549655138,1.1574348992073777,2.1878557084067687,1.4971198100415342,-0.13404930917073768,-0.7142925873004281,-0.47819571669500227,1.114299788997972,0.943666782575381,0.4272953513822549,-0.4205490328818034,-0.7542428708341482,1.0515741455877434,0.9344206542829246,1.3444333235014037,1.0980912866332657,1.095585659060255,1.274083232628617,1.084982651030232,1.346607268782114,1.5482005864976123,1.1571398240569188,1.346382055637781,0
162,-0.6519507000977104,0.12894296529619617,-0.723934632386034,-0.7891295833986305,-0.09002201549655138,0.84656816197898,-0.14386520163783553,1.4655738263356548,1.0459908215595455,1.3247771139759885,-1.2926710959749796,1.5712060665177985,1.5195708405250345,1.123617166123295,-0.031104714393330686,-1.4053351086125334,1.4825506703168347,1.6964515881927582,1.1532026396049717,1.3183088064254938,1.211220325594099,1.1567474120370216,1.4381407229627654,1.600683398890504,1.6677623339732814,1.2753626422820095,1.259998790753202,0
141,0.002364996493704053,-0.5728449769716254,0.8069335074366617,0.045236727710749325,0.9773818825339843,-0.18965429544901213,-0.8768377111480233,-0.8688289678994332,-1.0081531097116883,0.11866072204451336,0.8530419017418107,-0.7535560624981742,-0.7256203419163684,-0.36759256498879556,0.8775986954131063,0.44703432063888704,-0.4509128213577114,-0.33427978355631954,-1.0443296261879296,-0.7509765088635463,-0.8179815645481876,-0.7366260566000833,-0.2996767201111869,-1.1941540323017865,-0.6902610190190883,-0.8553349680020118,0.6754720317008831,0
161,-1.4371295360074077,-0.7482919625385808,-1.4893687022973818,-0.37194642784394055,-1.157425913527087,1.1056237763359782,0.07832507127988693,-0.08806587117891401,-0.41625996477395905,1.049902521892158,-0.17745703652995867,-1.0940805523478563,-1.4155923533729584,-1.2006351013456564,-1.1247941754817918,1.424273315902201,0.24102196605137963,0.24129677290749107,0.3072499532156689,0.2551897453595649,0.2563017890565521,-0.056611641807883584,0.4870615589464374,0.2518841896731248,-0.706866817279598,-0.1325636474895253,0.6754720317008831,0
106,-1.3062663966891248,-1.0991859336724916,-0.4687899424155847,-0.7891295833986305,0.9773818825339843,-0.034220926834813314,-0.6214465928517906,-0.8688289678994332,-1.0081531097116883,0.11866072204451336,0.7925311009037738,-0.7535560624981742,-1.0038348626649933,-0.36759256498879556,0.553061763339379,0.5070981802125388,1.0832054501550161,1.0803414714145951,1.29581535301926,1.2575591457931552,1.2709027341276955,1.2207487687233463,0.4870615589464374,1.0988046233677582,1.07991707555124,1.151766059592142,0.6754720317008831,1
136,1.4418595289948157,1.7079658353987948,0.29664412749576313,0.045236727710749325,-0.09002201549655138,0.6393236704933816,-0.9074846453435712,-0.16955966241910278,-0.7047142189524725,-0.6693131085958014,0.8397295255574426,0.5266436018734152,-0.03286618525229236,-0.21338430921281196,-0.06031303827996611,-0.12297170671506831,0.9962193625950164,0.9668475025344068,1.3314685313728323,1.2233874616874645,1.1851092718606504,1.482087641859172,0.7388178082448772,1.111351592755827,0.5252834136502176,1.2135643509370757,0.6754720317008831,0
107,-1.175403257370842,-0.2219510058377146,-1.4893687022973818,-1.2063127389533204,-0.09002201549655138,-0.8631988927772071,1.4165745311521463,1.597015425110153,1.7577610591428907,0.8883095798792395,-1.8832565121542202,-0.06819664621843452,0.37054486983321355,2.551235863925702,0.7802376157909879,-1.1608752001477707,1.759324585280471,1.7694119967585937,1.3476745215335468,1.7549469922204288,1.72598109919637,1.2074151527470287,1.084982651030232,1.4156156004164917,0.9537130087713667,1.1571398240569188,0.8827918674238727,0
156,0.2640912751302698,-1.0991859336724916,1.8275122673184587,0.4624198832654392,-0.09002201549655138,0.12121244177938552,0.8853610050959821,-0.1853326542720427,-0.46995491252147453,-1.6688570798097313,0.6672737431690372,0.7177396236034053,-0.2721306730961099,-0.8445253148114258,-1.020942357218199,0.26564146472645855,-1.771519787041348,-1.8705017194702926,-1.5078209447843673,-1.787517593402827,-1.7691699505523844,-1.1366345358896124,-1.638880101795943,-1.4482301624101763,-1.224967723007499,-1.1267100734732427,-0.9456539059663857,0
21,-0.2593612821428617,-1.0991859336724916,0.8069335074366617,0.4624198832654392,-0.09002201549655138,-0.24146541832041174,0.13195720612209577,-0.519194315159268,-0.9282350479479441,-1.9387339520374922,1.2421263511303886,0.4131354385901877,-0.5141773061474135,-0.909706123953852,-0.8099933513702761,0.43081707855400087,0.5177958810150161,0.5574585433594432,0.880942004904966,0.5893128788374281,0.6927294014584778,0.8287404590196077,1.1234454113397159,1.2619152254126507,0.6647721190384988,1.4258280472957614,1.0210050912391997,0
130,0.5258175537668356,-0.39739799140466997,0.5517888174662124,1.7139693499295088,-1.157425913527087,0.12121244177938552,-0.5550449020947702,-0.8609424719729634,-0.4537215562257137,1.6829470369943136,-0.06188140692930786,-0.5495287310270568,-1.1095563805494708,-0.4248244949675111,0.6374413656785486,0.5107020117869581,0.27660718368956166,0.28588368925327895,0.33642073550495516,0.28936142946525545,0.29733344492339986,-0.3392843005058176,0.08495088298365162,0.2675679014082106,0.31937151521989815,-0.1459980586514674,-0.8679089675702645,1
47,0.002364996493704053,-1.0991859336724916,1.5723675773480095,-0.37194642784394055,0.9773818825339843,-1.1740656300056047,0.9109001169256054,1.7600030075905306,1.6141582919111634,0.45184204578249,-1.5673901317796675,0.8269373503062571,0.6654522618267561,0.586272934656465,0.8775986954131063,-0.8743705899814518,-0.5418528219886204,-0.7639355228884599,-0.6813154465879223,-0.6522583103359957,-0.5531408766803524,-0.7366260566000833,-1.4780358314108284,-1.423136223634039,-1.1386175720528489,-0.9977397263185983,-1.1011437827586283,0
38,0.13322813581198695,1.006177893130973,-0.723934632386034,-0.7891295833986305,-0.09002201549655138,-0.9150100156486066,-0.6623091717791879,1.1001661817425497,1.7178020282610187,2.004467014401461,-1.6569461170199622,0.9188933306876059,2.0147926874575868,1.629165880935283,0.8775986954131063,-1.5981400978439555,0.7708463175531981,0.8574068896856545,0.7188821032978199,0.7146090538916268,0.6703484982583793,1.1460805192559675,1.385691504358924,0.7568997075428879,0.7179106734721299,0.8078451338464236,1.1246650091006944,0
53,0.6566806930851184,1.1816248786979284,-0.2136452524451354,-0.37194642784394055,-0.09002201549655138,1.0538126534645784,-0.4120258758488799,1.0949085177915698,0.23307428705646172,0.19362651988555798,-0.33720555074237624,1.4591347154280294,0.6209379385069761,0.7738664829200328,0.20905261534122768,-1.0761851581489217,0.5968741424331979,0.6182588838309725,0.7383292914906777,0.6538593932592882,0.6554278961249799,1.183414643989657,1.1304386404868947,1.0423432611214494,0.741158791036843,1.0013006545783902,1.0872322609840437,0
157,0.5258175537668356,-0.5728449769716254,1.8275122673184587,0.045236727710749325,2.04478578056452,-0.6559544012916086,0.6299698867997495,0.10383886303185345,0.9373522063494557,0.22861055887804566,-0.7111622999214446,-0.1946361192427889,0.5040878397925537,0.91535653203408,1.1112652865061898,-0.5806583166662946,0.8934176227513797,0.8979404500000074,0.9036303911299666,0.8892643282096011,0.8829670786593169,1.0980795017412242,0.626926141890015,1.1364455315319641,0.5850642873880527,1.2323725265637948,0.989331227448187,0
45,-0.6519507000977104,-0.046504020270759214,-0.2136452524451354,-1.2063127389533204,0.9773818825339843,1.2610571449501768,-0.04681657668526713,1.7284570238846513,1.453073448668617,0.5068169641992558,-1.2745178557235686,1.7824174589562087,1.5946887611271632,1.1363353727852321,-0.3329240612218971,-1.4581913050373467,1.3204402344095616,1.262742492829183,1.4902872349478353,1.3980427360054382,1.5208228198621314,1.3914190532202124,1.5570256184648066,1.5818629448084012,1.644514216408568,0.9609974210925639,1.291672654544214,0
17,-1.175403257370842,0.47983693643010694,-2.2548027722087296,-1.2063127389533204,-1.157425913527087,-1.1222545071342052,-0.9764402472835539,-1.013414726551381,-0.47494979138170845,0.8883095798792395,0.3725861430877974,-1.0524129987375577,-1.1067742353419845,-0.5456474582559108,1.0820569626195542,0.6836859273590749,-0.6248849964777113,-0.9868701046174005,-0.6067678918486352,-0.5497432580189242,-0.45615696281325774,-1.0459659472506526,-0.012954325076852624,-0.3660540526892558,-0.896172917449408,-0.6323237427137725,-0.5914825199396113,1
63,1.4418595289948157,2.2343067920996607,-0.4687899424155847,0.045236727710749325,-0.09002201549655138,0.8983792848503797,-0.26134511605410254,1.1133103416199992,0.10320743669037728,-0.047929939824474944,-0.22768100122552923,1.507986330005621,0.9659239442352711,0.5433489871724283,-0.3880953396744307,-0.9734759582779771,0.7233993607022889,0.6871659363653725,1.247197382537116,0.8323115213667835,0.8568560249258688,1.3727519908533676,1.2318404631209883,1.2619152254126507,1.0633112772907303,1.2001299397751335,1.130423893426333,0
68,1.0492701110399671,0.47983693643010694,0.5517888174662124,1.296786194374819,0.9773818825339843,-0.18965429544901213,1.5544857350321115,1.197432964835678,0.9885497146668543,1.0382411755613288,-1.499618034841066,1.4246512227850239,1.870121136668302,1.0234612886605428,-0.25828056684493966,-1.3386642244857798,0.3240541405404706,0.32641724956763185,0.41420948827638526,0.33492367493950964,0.34209525132359747,0.6367363889606336,0.4870615589464374,0.38990085294188004,0.3559042713930194,0.5606519684666884,0.8712740987725958,0
99,-1.4371295360074077,-0.39739799140466997,-1.2342240123269326,-1.6234958945080102,-0.09002201549655138,-1.4331212443626027,-0.6776326388769619,-0.7347585371494451,-0.13030315002556203,1.3097839544077794,-0.08366529523100114,-0.8526961038468159,-0.6922345994265334,-0.2245127400420067,1.7408669347292214,0.2668427419179318,-0.7830415193140751,-0.7842023030456363,-0.6813154465879223,-0.9484129059186474,-1.0343302954824756,-0.9179632338780033,-0.4465345322019433,-0.4695665501408222,-0.5109183978055842,-0.39856498849597943,-0.6490713631959973,1
153,-0.2593612821428617,-0.046504020270759214,-0.2136452524451354,-0.37194642784394055,0.9773818825339843,-0.24146541832041174,-0.7312647737191708,-1.179031141007249,-1.0481121405935603,-1.0874556698869617,1.3474151445885727,-1.0251135670618448,-0.8341240050083321,-0.2737957908570116,1.0431125307707079,0.5179096749357961,0.3359158797531981,0.3385773176619378,0.42393308237281413,0.3577047976766367,0.36447615452369625,0.6260694961795796,0.49055817352002684,0.3648069141657426,0.33929847313250977,0.520348734980862,0.8252030241674866,0
128,-0.6519507000977104,-0.046504020270759214,-1.744513392267831,0.8796030388201291,2.04478578056452,0.6911347933647812,-0.8768377111480233,-0.8688289678994332,-1.1330250812175382,-0.047929939824474944,0.9740635034178846,-0.17883118511474466,-1.0038348626649933,-0.8445253148114258,-0.7450859649555308,0.7473536185071459,-0.8463041284486205,-0.739615386699848,-0.486843564659347,-0.7851481929692368,-0.7657594570812906,-0.4912875226358387,0.4870615589464374,-0.14648208839805452,-0.15223315537857568,-1.1052150156141354,-0.7959229134997818,0
103,-0.12849814282457883,-0.9237389481055361,0.29664412749576313,1.296786194374819,0.9773818825339843,0.7947570391075804,0.3107309889294587,-0.10383886303185369,1.3132168405820648,0.3752103413227552,-0.8225021734634326,-0.650105584569157,-0.26656638268113725,-0.1577421550668382,0.6244598883955986,0.27224848927956063,-1.7240728301904387,-1.6718872739299637,-1.4721677664307953,-1.6280497342429376,-1.616233778685043,-1.1366345358896124,-1.7053157786941422,-0.8993002516821731,-1.3976680249167992,-1.1052150156141354,-0.7383340702433958,0
51,0.002364996493704053,-0.7482919625385808,0.29664412749576313,1.296786194374819,0.9773818825339843,-1.277687875748404,-1.1730914083716533,-1.2736690921248877,-1.191714907825288,0.29857863686302044,1.0406253843397253,-1.293797447238598,-1.560263904162243,-1.302380754641151,-0.17390096450577058,1.4002477720727409,0.0235567471513796,-0.13566533801599062,-0.26968329650577133,0.07294076346254866,0.03995305812226435,-0.845961707605888,0.08145426841006238,0.07936336058718094,-0.15887547468277963,-0.0922604140036989,-0.8707884097330838,0
158,-1.044540118052559,0.30438995086315157,-1.4893687022973818,-1.2063127389533204,-0.09002201549655138,1.0538126534645784,1.932464590110536,1.234236612492538,-0.25892128067658776,-0.7142925873004281,-0.3571741150189283,1.114299788997972,0.943666782575381,0.2683177681080448,-0.4205490328818034,-0.6941790112604964,-0.8581658676613477,-0.5369475851280838,-1.3068666667915063,-0.9787877362348167,-1.008219241749027,-1.01396526890749,-1.537478279161849,-1.385495315469833,-1.5006239741319591,-1.0434167242692016,-1.3689319039008236,1
96,3.404806618769059,2.4097537776666162,1.8275122673184587,1.7139693499295088,-0.09002201549655138,-0.8113877699058074,2.0550523268927274,1.2500096043454778,1.5279966315721272,0.2685923177266026,-1.6133783404165756,0.08554225848163294,0.8435095551058762,2.873960357972348,0.47517289964168485,-1.393322336697803,-0.1543693410395295,-0.14782540611029638,-0.06224662244862415,-0.1206987798030313,-0.13536401694517594,-0.1979479711568507,-0.6353517191757732,-1.2537521368951123,-0.5142395574576861,-0.1379374119543022,-0.9139800421753734,0
42,0.2640912751302698,-0.2219510058377146,1.062078197407111,0.045236727710749325,0.9773818825339843,-0.18965429544901213,-0.08001742206377735,-0.524451979110248,-1.1629943543789423,-1.9453975785122517,1.4091361614433702,-0.07107027060535161,-0.5197415965623859,-1.2292510663350142,-1.634317158837544,0.9077241235687962,-0.8107189108104387,-0.6950284703540599,-1.4818913605272241,-1.161036718131833,-1.403615198284105,-1.1019671343511868,-1.2647423424218727,-0.9243941904583104,-1.221646563355397,-1.1320838379380196,-1.409244094180294,0
19,-1.175403257370842,-0.7482919625385808,-0.723934632386034,-0.7891295833986305,-0.09002201549655138,-0.5005210326774098,-0.12598782335709915,-0.2221363019289021,0.06199968609344698,1.2548090359910136,-0.40376743166421697,-0.6386110870214884,-0.4585344019976885,0.6260173304750175,1.0950384399025044,-0.07371934186467384,1.3441637128350163,1.4086633099608532,1.3314685313728323,1.3183088064254938,1.3193946910612426,1.4794209186639087,1.3367389003286716,1.0956678810207412,1.358894486327802,1.2189381154018526,0.6754720317008831,0
58,-0.7828138394159933,-0.9237389481055361,-0.2136452524451354,-0.37194642784394055,-0.09002201549655138,0.38026805613638354,0.40011788033314005,0.18270382229655233,-0.25892128067658776,0.7850233695204666,-0.29666331418089137,-0.6098748431523169,-0.16919130041911862,-0.20861498171458548,0.22852483126565148,0.3269066014915835,-0.2848484723795294,-0.2045723905503903,-0.24375371224862782,-0.34471315338478054,-0.49345846814675565,-1.0512993936411796,-1.2157897383916203,-0.1151146649278829,-0.9061363964057138,-0.9305676705088877,0.6754720317008831,0
46,-0.5210875607794275,-0.046504020270759214,-0.4687899424155847,-0.37194642784394055,-0.09002201549655138,-1.4331212443626027,-0.366055474555558,0.4455870198455487,1.7390302634170134,0.45184204578249,-1.0227929242373348,0.3958936922686849,1.221881303324006,1.3811608510275155,0.8775986954131063,-1.054562168702407,0.3438237058950161,0.35479074178767894,0.4368978745013858,0.3577047976766367,0.36074600399034645,0.6420698353511607,0.7038516625089828,0.5875156208039611,0.5651373294754408,0.5337831461428041,0.712904779817534,0
18,0.7875438324034013,-0.39739799140466997,1.5723675773480095,0.8796030388201291,0.9773818825339843,-1.6403657358482011,-1.0479497604064991,-1.1448563253258792,-0.2776520764024651,-0.6843062681640103,0.8953994623284367,-1.4475363519386655,-1.2403172053013245,-1.7077735919903865,-1.9231550283831615,1.8729503469173796,-0.7276867363213478,-0.7436687427312835,-0.7234510210057803,-0.6940237020207287,-0.631474037880698,-1.0299656080790713,-1.012986093123433,-0.20921693533839772,-0.9127787157099175,-0.7183039741502021,-0.84487343026771,1
86,0.3949544144485527,-1.0991859336724916,2.082656957288908,0.4624198832654392,-1.157425913527087,0.6911347933647812,-0.4145797870318422,0.3272895809485003,1.6553660425080936,-0.3011477458653371,-0.6700149553515795,0.6099787090940122,0.5152164206224988,0.3589349905743446,0.16361744485090624,-0.5332078676031098,-1.0558615212068023,-0.9990301727117062,-0.7882749816486387,-1.0433342506566767,-0.8366323172149366,-1.0566328400317067,-1.0689319263008639,-0.5793525322864227,-1.2482158405722126,-1.0407298420368132,-1.2451158908995934,0
155,-0.12849814282457883,-0.5728449769716254,0.8069335074366617,-0.37194642784394055,-1.157425913527087,0.12121244177938552,-0.36860938573852026,-0.8425406481445336,-1.0218890265773317,-1.1757487206775257,1.2040045466024247,-1.2722452643367195,-1.4767995479376557,-1.668029196171834,-1.338988550650452,1.7275958067491421,-1.0360919558522568,-1.0557771571518004,-1.1901835376343612,-1.0737090809728462,-1.045520747082525,-1.083300071984342,0.4870615589464374,-0.664044575655886,-0.939347992926733,-0.9628102572975489,-1.2451158908995934,0
95,-0.6519507000977104,0.47983693643010694,-0.9790793223564832,-1.2063127389533204,-0.09002201549655138,0.9501904077217792,0.47928912700497206,0.030231567718134407,-0.7396783709741105,-0.6743108284518712,0.4827158006130247,0.10853125357697015,-0.14136984834425623,-0.4884155282771955,-0.2907342600523123,0.22299612442916616,-0.8581658676613477,-0.5369475851280838,-1.3068666667915063,-0.9787877362348167,-1.008219241749027,-1.01396526890749,-1.537478279161849,-1.385495315469833,-1.5006239741319591,-1.0434167242692016,-1.3689319039008236,0
40,-0.2593612821428617,0.12894296529619617,-0.2136452524451354,-0.7891295833986305,0.9773818825339843,0.48389030187918275,0.27753014355094824,0.45084468379652853,1.2857450068507779,-0.03293678025626602,-0.7813548288935674,0.49647054581078504,-0.1552805743816872,-0.35328458249411665,-0.2745074134486263,0.009769422942702144,0.8459706659004705,0.8330867534970425,1.2018206100871154,0.8512957903143894,0.9016178313260659,0.9540764491969935,1.3472287440494402,1.349744011129131,1.1729095458100938,1.3452215803241088,0.6754720317008831,0
57,0.9184069717216843,1.357071864264884,-0.2136452524451354,0.045236727710749325,0.9773818825339843,0.9501904077217792,-0.13109564572302393,0.7873351766592441,2.1810770425477224,-0.14621843032717802,-1.154101362055875,0.7292341211510741,0.7489166180513438,0.7913540170801958,0.4070201439062018,-0.8425367444074162,0.8736480573968343,0.9060471620628775,0.9490071635799676,1.0031699418952364,0.8270148206590701,1.364751821267577,1.2108607756794518,0.957651217751986,1.4850985531076755,1.2243118798666295,0.9346218263546205,0
89,0.9184069717216843,-0.2219510058377146,1.062078197407111,1.7139693499295088,-1.157425913527087,1.2092460220787773,-0.1106643562593253,-0.3430625728014404,-0.758409166699988,0.11866072204451336,0.36895549503751507,-0.8972372818440316,-0.7256203419163684,-0.6855477315372157,-0.09601210080807594,0.8074174780807977,0.39522457581683446,0.3872175900391611,0.48227464695138667,0.4070638969404119,0.4316188641239924,1.0954127785459604,0.4870615589464374,0.7474894805018362,1.558164065453918,1.0899677682472082,0.8770329830982344,1
131,-0.5210875607794275,-0.046504020270759214,-0.723934632386034,-0.37194642784394055,-1.157425913527087,0.9501904077217792,1.2965407055529166,1.738972351786611,0.8174751137038401,0.008710885210981055,-1.1062978293938257,1.4246512227850239,1.3888100157731806,0.9201258595323064,0.44596457575504944,-1.3260508139753129,0.5494271855822886,0.5979921036737961,0.7512940836192491,0.5475474871526954,0.5509836811911858,1.3007504645812522,1.140928484207663,1.2336845442894961,0.6149547242569698,1.0684727103881009,1.164977199380165,1
5,1.8344489469496645,2.2343067920996607,-0.2136452524451354,0.8796030388201291,-1.157425913527087,0.12121244177938552,-0.366055474555558,0.9713534149435414,-0.3837932521824378,-0.21452060169346324,0.06640149084733032,0.5395749116145423,0.943666782575381,0.586272934656465,0.22852483126565148,-0.6341151516868447,-0.2848484723795294,-0.2613193749904845,-0.5938030997200634,-0.4851967435970641,-0.508379070280155,-0.16328056961842471,-1.1703337489349577,-0.37232753738329016,-0.2917218607668568,-0.863395614699177,-0.7440929545690343,1
74,-0.12849814282457883,-1.0991859336724916,1.062078197407111,0.4624198832654392,-0.09002201549655138,0.6393236704933816,-0.1106643562593253,-0.3430625728014404,-0.633537195194138,0.6184327076514783,0.18742309252340422,-0.8972372818440316,-1.0038348626649933,-0.8445253148114258,0.22852483126565148,0.8674813376544493,0.6364132731422888,0.5331384071708314,0.6832289249442479,0.5779223174688648,0.599475638124733,1.111413117717542,0.5220277046823318,0.640840240703253,0.6415240014737852,1.1625135885216957,1.386694245917251,0
24,-1.175403257370842,-0.39739799140466997,-1.2342240123269326,-0.7891295833986305,-1.157425913527087,0.0694013189079859,0.19325107451319168,-0.40089687626221954,-0.7484194089795201,-1.7188342783704276,1.0339691962475412,0.7752121113417486,-0.33333786766080725,-0.8795003831317522,-1.0404145731426229,0.27224848927956063,-0.4113736906486205,-0.4923606687822956,-1.196665933698647,-0.7395859474949827,-0.8329021666815867,-1.1393012590848761,-0.2577173452281135,-1.2976665297533527,-0.5474511539787054,-1.1213363090084658,-0.9658100011061209,0
118,-0.7828138394159933,-0.2219510058377146,-0.4687899424155847,-0.7891295833986305,0.9773818825339843,-0.39689878693461056,0.8700375379982082,-0.2536822856347817,-0.03415173196605753,-0.9791717396721196,0.22554489705136765,-1.0409185011898892,-0.8563811666682221,-1.2658159104880826,-0.7450859649555308,1.2350721582451984,-0.41532760371952937,-0.5085740929080367,-0.7169686249414945,-0.4776030360180216,-0.4748077154800067,-0.7152922710379751,-0.6982907815003832,-0.19353322360331193,-0.40796244859042435,-0.40393875296075626,-0.4907020442409356,0
69,1.4418595289948157,2.0588598065327055,0.29664412749576313,-0.7891295833986305,2.04478578056452,1.3646793906929762,2.4611242049837374,1.4918621460905543,0.11194847469578682,0.3735444347040657,-1.1171897735446723,1.4059726642700627,1.121724075854501,1.1347455969524898,0.07599247319099939,-1.2737952561462358,1.3599793651186525,1.591064331375441,1.5615935916549797,1.5423231800072432,1.580505228395728,1.2447492774807183,1.4311474938155866,1.4971709014389378,1.2791866546773556,1.385524813809935,0.6754720317008831,0
50,0.5258175537668356,-0.046504020270759214,0.8069335074366617,0.4624198832654392,-0.09002201549655138,0.7947570391075804,-0.6674169941451126,-0.9897552387719715,-1.2716329695890318,-0.291152306153198,1.1065821572531853,-0.6687841430841184,-1.412810208165472,-1.2785341171500195,-1.384423721140774,1.3221647546269928,-0.8463041284486205,-0.739615386699848,-0.486843564659347,-0.7851481929692368,-0.7657594570812906,-0.4912875226358387,0.4870615589464374,-0.14648208839805452,-0.15223315537857568,-1.1052150156141354,-0.7959229134997818,1
150,-1.175403257370842,-0.5728449769716254,-0.723934632386034,-1.2063127389533204,-0.09002201549655138,-1.8476102273337995,-1.2139539872990506,-1.455058498433695,-1.5738231406331893,-1.0924533897430315,1.7836980186308187,-1.2794293253040123,-1.4934924191825731,-1.0750428105590304,-1.5564282951398494,1.5504074210068701,-1.7991971785377114,-1.7975413109044576,-1.3911378156272223,-1.722971078980967,-1.6945669398853884,-0.8486284308011515,-0.3696090115829757,-0.5668055628983542,-0.5972685487602343,-0.1997357032992359,0.6754720317008831,1
151,1.8344489469496645,1.1816248786979284,0.8069335074366617,1.296786194374819,2.04478578056452,-0.034220926834813314,1.6770734718143034,1.434027842629775,0.7762673631069092,0.2186151191659066,-1.1849618704832738,-0.33831733858864627,0.7572630536738023,2.0091223049606453,1.7603391506536445,-1.1080190037229571,-1.6173171772758932,-1.5705533731440815,-1.2096307258272188,-1.548315804662993,-1.522980015351298,-0.49395424583110226,-0.08638323112223094,-1.4043157695519362,-0.26847374320214323,-1.0326691953396478,0.6754720317008831,0
75,0.13322813581198695,0.30438995086315157,0.041499437525313876,0.045236727710749325,-0.09002201549655138,2.3490907252495687,4.902663295895722,3.28472555337471,1.034752344124019,-0.46274068787825556,-2.2505570732411044,0.9160197063006889,1.5167886953175485,1.5751135026220515,0.8029552010361489,-1.4545874734629278,1.6130298016568345,1.550530771061088,1.4222220762728341,1.6220571095871876,1.5096323682620822,1.3834188836344214,0.9381248389394755,0.8604122049944541,1.2459750581563365,1.030856359134663,1.2571193485903824,0
71,2.6196277828593617,1.7079658353987948,1.5723675773480095,2.1311525054841987,0.9773818825339843,0.1730235646507851,0.7576654459478659,-0.15904433451714292,-0.44872667736547983,-1.6105503481555854,0.658802231051712,0.7493494918594943,-0.24987351143621986,-0.8620128489715888,-1.1215488061610546,0.2734497664710334,-1.771519787041348,-1.8705017194702926,-1.5078209447843673,-1.787517593402827,-1.7691699505523844,-1.1366345358896124,-1.638880101795943,-1.4482301624101763,-1.224967723007499,-1.1267100734732427,-0.9456539059663857,0
27,-1.4371295360074077,-0.7482919625385808,-1.2342240123269326,-1.2063127389533204,0.9773818825339843,-1.0186322613914058,-1.132228829444256,-1.1317121654484295,-0.8832811382058381,0.11866072204451336,0.9135527025798477,-0.8972372818440316,-0.7256203419163684,-0.20861498171458548,1.5266725595605612,0.3869704610652353,-1.2891423923904386,-1.2381781785663881,-1.0832240025736446,-1.0129594203405072,-0.9970287901489776,-1.0352990544695986,0.4870615589464374,-0.41310518789451317,-0.6470859435417632,-0.8419005568400696,-1.1673709525034723,0
114,-1.3062663966891248,-1.0991859336724916,-0.2136452524451354,-1.2063127389533204,-1.157425913527087,-1.536743490105402,-0.8615142440502493,0.035489231669114454,0.8948957360374667,1.6696197840447948,-0.8442860617651259,1.6631620468991473,1.4945315336576583,1.4224950226788102,-0.14793800993987238,-1.5296672979299926,1.0120350148786526,1.0762881153831596,0.9587307576763963,1.0183573570533209,1.0060620462598604,0.9220757708538311,1.147921713354842,1.4250258274575431,1.0998440334638517,1.1678873529864724,1.1592183150545263,1
82,-1.6988558146439734,-1.0991859336724916,-1.2342240123269326,-0.7891295833986305,-0.09002201549655138,-0.08603204970621292,-0.858960332867287,-1.244751940394498,-1.8298106822201816,-2.085333734482202,2.1334504474746723,-0.6960835747598313,-1.1373778326243333,-1.6012586111966658,-2.1470855115140335,1.5383946490921396,-0.46277456057043853,-0.21673245864469634,0.005818536226377027,-0.2801666389629207,-0.41885545747975983,-0.7472929493811374,-1.0584420825800955,-0.1370718613570031,-1.557083688217692,-1.0541642531987554,-1.0637110346419774,0
73,1.0492701110399671,0.6552839219970623,0.8069335074366617,0.4624198832654392,2.04478578056452,2.14184623376397,-0.21537471476078074,1.4708314902866346,0.4391130400411141,0.7850233695204666,-0.7855905849522299,3.216356028027866,1.355424273283346,0.4495522130406444,-1.1215488061610546,-1.6005426522269015,0.5415193594404709,0.5371917632022668,0.7610176777156777,0.5475474871526954,0.5248726274577372,1.2660830630428264,1.0220435887056218,0.6439769830502698,0.5518526908670335,0.7809763115225393,0.8597563301213184,0
14,-1.175403257370842,-0.9237389481055361,-0.723934632386034,-0.7891295833986305,-1.157425913527087,-1.0186322613914058,-0.7848969085613796,-1.08439318988961,-0.30887006927892763,-1.1790805339149053,1.0127904159542283,-1.1774156595684537,-1.2319707696788658,-1.5615142153781134,-2.0205161080052796,1.7203881436003046,-1.2772806531777114,-1.2016979742834706,-1.112394784862931,-1.1952084022375238,-1.1275840588162203,-0.8886292787301044,-1.607410570633638,-1.071821080768117,-1.3777410670041879,-0.9547496106003834,-1.2364775644111357,0
137,1.0492701110399671,0.6552839219970623,1.3172228873775602,-0.37194642784394055,-0.09002201549655138,1.3646793906929762,3.5031199676323665,1.3341322275611567,-0.21646481036459875,-1.1341010552102786,-0.6210012066727694,-0.38573214097277925,0.5235628562449575,0.7929437929129383,1.1274921331098764,-0.4617318747104643,0.3517315320368344,0.3588440978191143,0.47255105285495796,0.3728922128347214,0.3868570577237948,0.6100691570079982,0.4870615589464374,0.6722076641734245,0.47214485921658694,0.6842485511565558,1.006607880425103,0
13,-1.044540118052559,-0.9237389481055361,-0.2136452524451354,-0.7891295833986305,-2.2248298115576226,-0.9150100156486066,-0.22303644830966776,-1.1027950137180398,-1.161745634663884,-0.006282274357227869,0.8718002500016023,-0.6903363259859969,-0.9927062818350483,-1.0464268455696726,-0.7191230103896326,1.0296537585033094,-1.474976306723166,-0.8328425754228597,-0.3442308512450585,-0.8345072922330121,-0.8440926182816361,-0.9099630642922126,-0.3171597929791341,-0.428788899629599,-0.849676682319981,-1.0058003730157634,-0.6433124788703587,0
121,1.3109963896765329,2.2343067920996607,-0.4687899424155847,-0.37194642784394055,0.9773818825339843,1.3646793906929762,1.7715681855839092,0.10909652698283327,-0.15402882461167372,0.08534258967071581,-0.4019521076390758,0.27520146801816475,1.302563514341107,1.2810049735647633,-0.1771463338265078,-0.8485431303647815,1.1662376246441073,1.0519679791945482,1.2893329569549745,1.196809485160816,1.1254268633270534,1.063412100202798,0.4870615589464374,0.9388307636698832,1.5482005864976123,0.95024989216301,1.2312043691250087,0
110,-1.044540118052559,-0.7482919625385808,-0.9790793223564832,0.045236727710749325,0.9773818825339843,-0.5523321555488094,-0.12854173454006165,-0.46136001169848884,-0.3875394113276135,1.039907082180019,-0.053409894811982654,-0.7391879405635886,-0.5113951609399273,0.14272547732141896,1.1729273036001984,0.14791629996210146,1.0911132762968343,0.9790075706287131,1.1110670651871137,1.063919602527575,1.0881253579935555,1.2367491078949273,0.9870774429697273,0.6847546335614929,1.0533477983344246,1.095341532711985,1.1217855669378753,1
111,0.13322813581198695,0.47983693643010694,0.5517888174662124,-1.6234958945080102,-0.09002201549655138,1.3128682678215766,-0.37116329692148264,1.4156260188013452,0.7862571208273775,1.534681347930914,-1.1770954663743292,1.1487832816409775,1.2580491910213274,0.7818153620837435,0.4329830984720994,-1.1284407159779988,-1.2654189139649843,-1.347618791415141,-1.3198314589200781,-1.286332893186032,-1.31036143495036,-1.1126340271322408,-1.3136949464521246,-1.3164869838354556,-1.5902952847387113,-1.072972428825474,-1.1673709525034723,0
33,0.13322813581198695,-0.2219510058377146,1.062078197407111,-0.7891295833986305,0.9773818825339843,-0.604143278420209,-1.132228829444256,-1.1317121654484295,-1.3827690242292385,0.11866072204451336,1.1555959059319953,-0.32251240446060203,-0.7256203419163684,-0.8445253148114258,-0.09601210080807594,0.6272258993598423,-1.7636119608995295,-1.6637805618670929,-1.1837011415700753,-1.510347266767781,-1.5155197142845986,-1.1099673039369773,0.4870615589464374,-1.244341909854061,-1.1485810510091548,-1.0380429598044247,-1.4063646520174744,0
32,0.13322813581198695,-0.7482919625385808,0.041499437525313876,2.1311525054841987,-0.09002201549655138,-1.3813101214912031,-1.0096410926620643,-1.0081570626004013,-0.6697500669308344,0.43018525973952165,0.6406489908003011,-1.2506930814348407,-1.646510405594317,-1.6791576270010289,-1.1767200846135883,1.729397722536352,-0.565576300414075,-0.5734277894110014,-0.652144664298636,-0.5763212345455723,-0.59790268308055,-0.8939627251206314,-0.3870920844509229,-1.244341909854061,-0.23194098702902216,-0.5033533955591281,-0.84487343026771,0
43,-0.3902244214611446,0.30438995086315157,-1.2342240123269326,0.045236727710749325,-0.09002201549655138,-1.7957991044624,-0.8947150894287597,-0.19847681414949248,1.0884472918715344,1.0732252145538164,-0.6579127951839719,0.14157793402651742,0.4790485329251774,0.7627380520908381,1.2670430139015791,-0.6857700709201852,-0.43905108214498395,-0.5977479255996131,-0.4965671587557758,-0.3409162995952596,-0.30322079094591653,-1.003298376126436,-1.4745392168372389,0.026038740687889337,-0.5740204311955208,-0.9708709039947141,-0.9139800421753734,0
129,-0.2593612821428617,-1.0991859336724916,0.8069335074366617,0.045236727710749325,-0.09002201549655138,0.22483468752218475,0.5635681960427289,-0.12224068686028351,-0.057877406552169205,-0.38777489003721094,0.062165734788667715,-0.9302839622935789,-0.553127339052221,-0.8381662114804576,-0.832710936615437,0.9779988392699689,1.5497671925222893,1.688344876129888,1.5000108290442644,1.5461200337967642,1.4984419166620324,1.2314156615044005,1.5605222330383959,1.0674371998975867,1.156303747549584,1.4392624584577036,0.9115862890520657,0
147,0.3949544144485527,0.8307309075640177,0.041499437525313876,-0.7891295833986305,0.9773818825339843,-1.4849323672340025,-1.109243628797595,-0.881973127776883,0.11944079298613812,0.13865160146879213,0.3586686588950487,-0.8426384184926059,-0.6811060185965884,0.0775446681789928,0.8321635249227843,0.3154944681725898,-0.2374015155286202,-0.11539855785881421,-0.1627237614450548,-0.12449563359255253,-0.09060221054497833,-0.800627413286408,-0.33813948042067055,-1.1565131241375803,-0.26515258355004145,-0.19704882106684765,-0.6749863426613711,0
164,-0.5210875607794275,-0.2219510058377146,-0.9790793223564832,0.4624198832654392,-1.157425913527087,-0.39689878693461056,-0.6214465928517906,-0.6059457703504368,-0.633537195194138,0.9516140313894549,0.18742309252340422,-1.0409185011898892,-0.7256203419163684,-0.6855477315372157,-0.4205490328818034,0.9876090568017529,-0.4944058651377112,-0.40724019212215457,-0.25995970240934246,-0.5307589890713182,-0.687426295880945,-1.1126340271322408,0.4870615589464374,-0.01160216747631668,-0.7633265313653308,-0.9681840217623257,0.6754720317008831,0
152,0.2640912751302698,0.47983693643010694,0.5517888174662124,-1.2063127389533204,-0.09002201549655138,0.0694013189079859,1.166291235221838,1.234236612492538,1.3644143488994631,0.9516140313894549,-1.5068793309416304,1.6890246663814015,1.7783103448212556,1.8580936008501456,0.22852483126565148,-1.7753284835862282,-1.0084145643558933,-0.9058029839886949,-1.1739775474736465,-0.8117261694958852,-0.8925845752151834,-1.043299224055389,-1.506008747999544,-1.4795975858803478,-1.550441368913488,-0.8445874390724581,-0.7325751859177572,0
102,0.6566806930851184,0.47983693643010694,1.062078197407111,-0.7891295833986305,-0.09002201549655138,-0.7595766470344079,-0.6214465928517906,-0.9214056074092325,-0.33259574386503926,0.07534714995857614,0.4942128527722516,-0.7794186819804285,-0.822995424178387,0.01554341070205078,1.3481772469200108,0.2470216682586268,-0.6327928226195294,-0.6626016221025777,-0.7947573777129245,-0.5573369655979663,-0.5419504250803031,-0.8539618771916785,-0.7892027604137085,-0.31900291748399834,-0.38803549067781273,-1.059538017663532,-0.30065886149486143,0
4,-1.5679926753256905,-0.046504020270759214,-2.2548027722087296,-1.2063127389533204,-1.157425913527087,-1.4331212443626027,-0.8410829545865507,-0.516565483183778,0.41164120630982726,0.048692644059537986,0.1008926473250114,-1.3124760057535596,-0.8925490543655432,-0.09097157009167026,0.0792378425117366,0.7605676676133492,-0.1662310802522567,-0.0870250656387671,-0.28588928666648594,-0.19283900180393357,-0.11298311374507714,-0.5952897272511164,-0.5094735945265534,-1.2694358486301982,-0.5408088346745015,-0.7209908563825905,-1.201924258457304,0
